hex_id,timestamp,day_type,residential_kw,ev_unmanaged_kw,total_demand_kw,capacity_limit_kw,capacity_breach
8960145b483ffff,2026-05-01 00:00:00,weekday,135.36,0.0,135.36,150.0,False
8960145b483ffff,2026-05-01 01:00:00,weekday,125.0,0.0,125.0,150.0,False
8960145b483ffff,2026-05-01 02:00:00,weekday,112.94,0.0,112.94,150.0,False
8960145b483ffff,2026-05-01 03:00:00,weekday,100.0,0.0,100.0,150.0,False
8960145b483ffff,2026-05-01 04:00:00,weekday,87.06,0.0,87.06,150.0,False
8960145b483ffff,2026-05-01 05:00:00,weekday,75.0,0.0,75.0,150.0,False
8960145b483ffff,2026-05-01 06:00:00,weekday,64.64,0.0,64.64,150.0,False
8960145b483ffff,2026-05-01 07:00:00,weekday,56.7,0.0,56.7,150.0,False
8960145b483ffff,2026-05-01 08:00:00,weekday,51.7,0.0,51.7,150.0,False
8960145b483ffff,2026-05-01 09:00:00,weekday,50.0,0.0,50.0,150.0,False
8960145b483ffff,2026-05-01 10:00:00,weekday,51.7,0.0,51.7,150.0,False
8960145b483ffff,2026-05-01 11:00:00,weekday,56.7,0.0,56.7,150.0,False
8960145b483ffff,2026-05-01 12:00:00,weekday,64.64,0.0,64.64,150.0,False
8960145b483ffff,2026-05-01 13:00:00,weekday,75.0,0.0,75.0,150.0,False
8960145b483ffff,2026-05-01 14:00:00,weekday,87.06,0.0,87.06,150.0,False
8960145b483ffff,2026-05-01 15:00:00,weekday,100.0,0.0,100.0,150.0,False
8960145b483ffff,2026-05-01 16:00:00,weekday,112.94,0.0,112.94,150.0,False
8960145b483ffff,2026-05-01 17:00:00,weekday,125.0,0.0,125.0,150.0,False
8960145b483ffff,2026-05-01 18:00:00,weekday,135.36,54.98,190.34,150.0,True
8960145b483ffff,2026-05-01 19:00:00,weekday,143.3,78.03,221.33,150.0,True
8960145b483ffff,2026-05-01 20:00:00,weekday,148.3,69.28,217.58,150.0,True
8960145b483ffff,2026-05-01 21:00:00,weekday,150.0,63.95,213.95,150.0,True
8960145b483ffff,2026-05-01 22:00:00,weekday,148.3,46.24,194.54,150.0,True
8960145b483ffff,2026-05-01 23:00:00,weekday,143.3,0.0,143.3,150.0,False
8960145b483ffff,2026-05-02 00:00:00,weekend,126.5,0.0,126.5,150.0,False
8960145b483ffff,2026-05-02 01:00:00,weekend,118.54,0.0,118.54,150.0,False
8960145b483ffff,2026-05-02 02:00:00,weekend,110.0,0.0,110.0,150.0,False
8960145b483ffff,2026-05-02 03:00:00,weekend,101.46,0.0,101.46,150.0,False
8960145b483ffff,2026-05-02 04:00:00,weekend,93.5,0.0,93.5,150.0,False
8960145b483ffff,2026-05-02 05:00:00,weekend,86.67,0.0,86.67,150.0,False
8960145b483ffff,2026-05-02 06:00:00,weekend,81.42,0.0,81.42,150.0,False
8960145b483ffff,2026-05-02 07:00:00,weekend,78.12,0.0,78.12,150.0,False
8960145b483ffff,2026-05-02 08:00:00,weekend,77.0,0.0,77.0,150.0,False
8960145b483ffff,2026-05-02 09:00:00,weekend,78.12,0.0,78.12,150.0,False
8960145b483ffff,2026-05-02 10:00:00,weekend,81.42,34.68,116.1,150.0,False
8960145b483ffff,2026-05-02 11:00:00,weekend,86.67,31.74,118.41,150.0,False
8960145b483ffff,2026-05-02 12:00:00,weekend,93.5,55.99,149.49,150.0,False
8960145b483ffff,2026-05-02 13:00:00,weekend,101.46,48.03,149.49,150.0,False
8960145b483ffff,2026-05-02 14:00:00,weekend,110.0,51.24,161.24,150.0,True
8960145b483ffff,2026-05-02 15:00:00,weekend,118.54,30.62,149.16,150.0,False
8960145b483ffff,2026-05-02 16:00:00,weekend,126.5,59.1,185.6,150.0,True
8960145b483ffff,2026-05-02 17:00:00,weekend,133.33,54.97,188.31,150.0,True
8960145b483ffff,2026-05-02 18:00:00,weekend,138.58,36.37,174.95,150.0,True
8960145b483ffff,2026-05-02 19:00:00,weekend,141.88,35.45,177.33,150.0,True
8960145b483ffff,2026-05-02 20:00:00,weekend,143.0,35.5,178.5,150.0,True
8960145b483ffff,2026-05-02 21:00:00,weekend,141.88,39.13,181.0,150.0,True
8960145b483ffff,2026-05-02 22:00:00,weekend,138.58,45.74,184.32,150.0,True
8960145b483ffff,2026-05-02 23:00:00,weekend,133.33,0.0,133.33,150.0,False
8960145b483ffff,2026-05-03 00:00:00,weekend,126.5,0.0,126.5,150.0,False
8960145b483ffff,2026-05-03 01:00:00,weekend,118.54,0.0,118.54,150.0,False
8960145b483ffff,2026-05-03 02:00:00,weekend,110.0,0.0,110.0,150.0,False
8960145b483ffff,2026-05-03 03:00:00,weekend,101.46,0.0,101.46,150.0,False
8960145b483ffff,2026-05-03 04:00:00,weekend,93.5,0.0,93.5,150.0,False
8960145b483ffff,2026-05-03 05:00:00,weekend,86.67,0.0,86.67,150.0,False
8960145b483ffff,2026-05-03 06:00:00,weekend,81.42,0.0,81.42,150.0,False
8960145b483ffff,2026-05-03 07:00:00,weekend,78.12,0.0,78.12,150.0,False
8960145b483ffff,2026-05-03 08:00:00,weekend,77.0,0.0,77.0,150.0,False
8960145b483ffff,2026-05-03 09:00:00,weekend,78.12,0.0,78.12,150.0,False
8960145b483ffff,2026-05-03 10:00:00,weekend,81.42,42.96,124.38,150.0,False
8960145b483ffff,2026-05-03 11:00:00,weekend,86.67,38.74,125.4,150.0,False
8960145b483ffff,2026-05-03 12:00:00,weekend,93.5,48.36,141.86,150.0,False
8960145b483ffff,2026-05-03 13:00:00,weekend,101.46,34.18,135.64,150.0,False
8960145b483ffff,2026-05-03 14:00:00,weekend,110.0,38.76,148.76,150.0,False
8960145b483ffff,2026-05-03 15:00:00,weekend,118.54,40.99,159.53,150.0,True
8960145b483ffff,2026-05-03 16:00:00,weekend,126.5,43.68,170.18,150.0,True
8960145b483ffff,2026-05-03 17:00:00,weekend,133.33,53.56,186.89,150.0,True
8960145b483ffff,2026-05-03 18:00:00,weekend,138.58,35.99,174.57,150.0,True
8960145b483ffff,2026-05-03 19:00:00,weekend,141.88,45.43,187.3,150.0,True
8960145b483ffff,2026-05-03 20:00:00,weekend,143.0,47.77,190.77,150.0,True
8960145b483ffff,2026-05-03 21:00:00,weekend,141.88,31.39,173.27,150.0,True
8960145b483ffff,2026-05-03 22:00:00,weekend,138.58,48.23,186.81,150.0,True
8960145b483ffff,2026-05-03 23:00:00,weekend,133.33,0.0,133.33,150.0,False
8960145b483ffff,2026-05-04 00:00:00,weekday,135.36,0.0,135.36,150.0,False
8960145b483ffff,2026-05-04 01:00:00,weekday,125.0,0.0,125.0,150.0,False
8960145b483ffff,2026-05-04 02:00:00,weekday,112.94,0.0,112.94,150.0,False
8960145b483ffff,2026-05-04 03:00:00,weekday,100.0,0.0,100.0,150.0,False
8960145b483ffff,2026-05-04 04:00:00,weekday,87.06,0.0,87.06,150.0,False
8960145b483ffff,2026-05-04 05:00:00,weekday,75.0,0.0,75.0,150.0,False
8960145b483ffff,2026-05-04 06:00:00,weekday,64.64,0.0,64.64,150.0,False
8960145b483ffff,2026-05-04 07:00:00,weekday,56.7,0.0,56.7,150.0,False
8960145b483ffff,2026-05-04 08:00:00,weekday,51.7,0.0,51.7,150.0,False
8960145b483ffff,2026-05-04 09:00:00,weekday,50.0,0.0,50.0,150.0,False
8960145b483ffff,2026-05-04 10:00:00,weekday,51.7,0.0,51.7,150.0,False
8960145b483ffff,2026-05-04 11:00:00,weekday,56.7,0.0,56.7,150.0,False
8960145b483ffff,2026-05-04 12:00:00,weekday,64.64,0.0,64.64,150.0,False
8960145b483ffff,2026-05-04 13:00:00,weekday,75.0,0.0,75.0,150.0,False
8960145b483ffff,2026-05-04 14:00:00,weekday,87.06,0.0,87.06,150.0,False
8960145b483ffff,2026-05-04 15:00:00,weekday,100.0,0.0,100.0,150.0,False
8960145b483ffff,2026-05-04 16:00:00,weekday,112.94,0.0,112.94,150.0,False
8960145b483ffff,2026-05-04 17:00:00,weekday,125.0,0.0,125.0,150.0,False
8960145b483ffff,2026-05-04 18:00:00,weekday,135.36,46.82,182.18,150.0,True
8960145b483ffff,2026-05-04 19:00:00,weekday,143.3,42.6,185.9,150.0,True
8960145b483ffff,2026-05-04 20:00:00,weekday,148.3,77.96,226.25,150.0,True
8960145b483ffff,2026-05-04 21:00:00,weekday,150.0,78.63,228.63,150.0,True
8960145b483ffff,2026-05-04 22:00:00,weekday,148.3,72.34,220.63,150.0,True
8960145b483ffff,2026-05-04 23:00:00,weekday,143.3,0.0,143.3,150.0,False
8960145b483ffff,2026-05-05 00:00:00,weekday,135.36,0.0,135.36,150.0,False
8960145b483ffff,2026-05-05 01:00:00,weekday,125.0,0.0,125.0,150.0,False
8960145b483ffff,2026-05-05 02:00:00,weekday,112.94,0.0,112.94,150.0,False
8960145b483ffff,2026-05-05 03:00:00,weekday,100.0,0.0,100.0,150.0,False
8960145b483ffff,2026-05-05 04:00:00,weekday,87.06,0.0,87.06,150.0,False
8960145b483ffff,2026-05-05 05:00:00,weekday,75.0,0.0,75.0,150.0,False
8960145b483ffff,2026-05-05 06:00:00,weekday,64.64,0.0,64.64,150.0,False
8960145b483ffff,2026-05-05 07:00:00,weekday,56.7,0.0,56.7,150.0,False
8960145b483ffff,2026-05-05 08:00:00,weekday,51.7,0.0,51.7,150.0,False
8960145b483ffff,2026-05-05 09:00:00,weekday,50.0,0.0,50.0,150.0,False
8960145b483ffff,2026-05-05 10:00:00,weekday,51.7,0.0,51.7,150.0,False
8960145b483ffff,2026-05-05 11:00:00,weekday,56.7,0.0,56.7,150.0,False
8960145b483ffff,2026-05-05 12:00:00,weekday,64.64,0.0,64.64,150.0,False
8960145b483ffff,2026-05-05 13:00:00,weekday,75.0,0.0,75.0,150.0,False
8960145b483ffff,2026-05-05 14:00:00,weekday,87.06,0.0,87.06,150.0,False
8960145b483ffff,2026-05-05 15:00:00,weekday,100.0,0.0,100.0,150.0,False
8960145b483ffff,2026-05-05 16:00:00,weekday,112.94,0.0,112.94,150.0,False
8960145b483ffff,2026-05-05 17:00:00,weekday,125.0,0.0,125.0,150.0,False
8960145b483ffff,2026-05-05 18:00:00,weekday,135.36,52.18,187.54,150.0,True
8960145b483ffff,2026-05-05 19:00:00,weekday,143.3,43.91,187.21,150.0,True
8960145b483ffff,2026-05-05 20:00:00,weekday,148.3,67.37,215.67,150.0,True
8960145b483ffff,2026-05-05 21:00:00,weekday,150.0,57.61,207.61,150.0,True
8960145b483ffff,2026-05-05 22:00:00,weekday,148.3,44.88,193.18,150.0,True
8960145b483ffff,2026-05-05 23:00:00,weekday,143.3,0.0,143.3,150.0,False
8960145b483ffff,2026-05-06 00:00:00,weekday,135.36,0.0,135.36,150.0,False
8960145b483ffff,2026-05-06 01:00:00,weekday,125.0,0.0,125.0,150.0,False
8960145b483ffff,2026-05-06 02:00:00,weekday,112.94,0.0,112.94,150.0,False
8960145b483ffff,2026-05-06 03:00:00,weekday,100.0,0.0,100.0,150.0,False
8960145b483ffff,2026-05-06 04:00:00,weekday,87.06,0.0,87.06,150.0,False
8960145b483ffff,2026-05-06 05:00:00,weekday,75.0,0.0,75.0,150.0,False
8960145b483ffff,2026-05-06 06:00:00,weekday,64.64,0.0,64.64,150.0,False
8960145b483ffff,2026-05-06 07:00:00,weekday,56.7,0.0,56.7,150.0,False
8960145b483ffff,2026-05-06 08:00:00,weekday,51.7,0.0,51.7,150.0,False
8960145b483ffff,2026-05-06 09:00:00,weekday,50.0,0.0,50.0,150.0,False
8960145b483ffff,2026-05-06 10:00:00,weekday,51.7,0.0,51.7,150.0,False
8960145b483ffff,2026-05-06 11:00:00,weekday,56.7,0.0,56.7,150.0,False
8960145b483ffff,2026-05-06 12:00:00,weekday,64.64,0.0,64.64,150.0,False
8960145b483ffff,2026-05-06 13:00:00,weekday,75.0,0.0,75.0,150.0,False
8960145b483ffff,2026-05-06 14:00:00,weekday,87.06,0.0,87.06,150.0,False
8960145b483ffff,2026-05-06 15:00:00,weekday,100.0,0.0,100.0,150.0,False
8960145b483ffff,2026-05-06 16:00:00,weekday,112.94,0.0,112.94,150.0,False
8960145b483ffff,2026-05-06 17:00:00,weekday,125.0,0.0,125.0,150.0,False
8960145b483ffff,2026-05-06 18:00:00,weekday,135.36,59.81,195.16,150.0,True
8960145b483ffff,2026-05-06 19:00:00,weekday,143.3,41.38,184.68,150.0,True
8960145b483ffff,2026-05-06 20:00:00,weekday,148.3,76.37,224.67,150.0,True
8960145b483ffff,2026-05-06 21:00:00,weekday,150.0,50.35,200.35,150.0,True
8960145b483ffff,2026-05-06 22:00:00,weekday,148.3,66.5,214.8,150.0,True
8960145b483ffff,2026-05-06 23:00:00,weekday,143.3,0.0,143.3,150.0,False
8960145b483ffff,2026-05-07 00:00:00,weekday,135.36,0.0,135.36,150.0,False
8960145b483ffff,2026-05-07 01:00:00,weekday,125.0,0.0,125.0,150.0,False
8960145b483ffff,2026-05-07 02:00:00,weekday,112.94,0.0,112.94,150.0,False
8960145b483ffff,2026-05-07 03:00:00,weekday,100.0,0.0,100.0,150.0,False
8960145b483ffff,2026-05-07 04:00:00,weekday,87.06,0.0,87.06,150.0,False
8960145b483ffff,2026-05-07 05:00:00,weekday,75.0,0.0,75.0,150.0,False
8960145b483ffff,2026-05-07 06:00:00,weekday,64.64,0.0,64.64,150.0,False
8960145b483ffff,2026-05-07 07:00:00,weekday,56.7,0.0,56.7,150.0,False
8960145b483ffff,2026-05-07 08:00:00,weekday,51.7,0.0,51.7,150.0,False
8960145b483ffff,2026-05-07 09:00:00,weekday,50.0,0.0,50.0,150.0,False
8960145b483ffff,2026-05-07 10:00:00,weekday,51.7,0.0,51.7,150.0,False
8960145b483ffff,2026-05-07 11:00:00,weekday,56.7,0.0,56.7,150.0,False
8960145b483ffff,2026-05-07 12:00:00,weekday,64.64,0.0,64.64,150.0,False
8960145b483ffff,2026-05-07 13:00:00,weekday,75.0,0.0,75.0,150.0,False
8960145b483ffff,2026-05-07 14:00:00,weekday,87.06,0.0,87.06,150.0,False
8960145b483ffff,2026-05-07 15:00:00,weekday,100.0,0.0,100.0,150.0,False
8960145b483ffff,2026-05-07 16:00:00,weekday,112.94,0.0,112.94,150.0,False
8960145b483ffff,2026-05-07 17:00:00,weekday,125.0,0.0,125.0,150.0,False
8960145b483ffff,2026-05-07 18:00:00,weekday,135.36,52.47,187.82,150.0,True
8960145b483ffff,2026-05-07 19:00:00,weekday,143.3,60.8,204.1,150.0,True
8960145b483ffff,2026-05-07 20:00:00,weekday,148.3,61.87,210.16,150.0,True
8960145b483ffff,2026-05-07 21:00:00,weekday,150.0,47.39,197.39,150.0,True
8960145b483ffff,2026-05-07 22:00:00,weekday,148.3,78.78,227.08,150.0,True
8960145b483ffff,2026-05-07 23:00:00,weekday,143.3,0.0,143.3,150.0,False
8960145b49bffff,2026-05-01 00:00:00,weekday,135.36,0.0,135.36,150.0,False
8960145b49bffff,2026-05-01 01:00:00,weekday,125.0,0.0,125.0,150.0,False
8960145b49bffff,2026-05-01 02:00:00,weekday,112.94,0.0,112.94,150.0,False
8960145b49bffff,2026-05-01 03:00:00,weekday,100.0,0.0,100.0,150.0,False
8960145b49bffff,2026-05-01 04:00:00,weekday,87.06,0.0,87.06,150.0,False
8960145b49bffff,2026-05-01 05:00:00,weekday,75.0,0.0,75.0,150.0,False
8960145b49bffff,2026-05-01 06:00:00,weekday,64.64,0.0,64.64,150.0,False
8960145b49bffff,2026-05-01 07:00:00,weekday,56.7,0.0,56.7,150.0,False
8960145b49bffff,2026-05-01 08:00:00,weekday,51.7,0.0,51.7,150.0,False
8960145b49bffff,2026-05-01 09:00:00,weekday,50.0,0.0,50.0,150.0,False
8960145b49bffff,2026-05-01 10:00:00,weekday,51.7,0.0,51.7,150.0,False
8960145b49bffff,2026-05-01 11:00:00,weekday,56.7,0.0,56.7,150.0,False
8960145b49bffff,2026-05-01 12:00:00,weekday,64.64,0.0,64.64,150.0,False
8960145b49bffff,2026-05-01 13:00:00,weekday,75.0,0.0,75.0,150.0,False
8960145b49bffff,2026-05-01 14:00:00,weekday,87.06,0.0,87.06,150.0,False
8960145b49bffff,2026-05-01 15:00:00,weekday,100.0,0.0,100.0,150.0,False
8960145b49bffff,2026-05-01 16:00:00,weekday,112.94,0.0,112.94,150.0,False
8960145b49bffff,2026-05-01 17:00:00,weekday,125.0,0.0,125.0,150.0,False
8960145b49bffff,2026-05-01 18:00:00,weekday,135.36,71.01,206.36,150.0,True
8960145b49bffff,2026-05-01 19:00:00,weekday,143.3,77.58,220.88,150.0,True
8960145b49bffff,2026-05-01 20:00:00,weekday,148.3,75.79,224.09,150.0,True
8960145b49bffff,2026-05-01 21:00:00,weekday,150.0,63.92,213.92,150.0,True
8960145b49bffff,2026-05-01 22:00:00,weekday,148.3,76.87,225.17,150.0,True
8960145b49bffff,2026-05-01 23:00:00,weekday,143.3,0.0,143.3,150.0,False
8960145b49bffff,2026-05-02 00:00:00,weekend,126.5,0.0,126.5,150.0,False
8960145b49bffff,2026-05-02 01:00:00,weekend,118.54,0.0,118.54,150.0,False
8960145b49bffff,2026-05-02 02:00:00,weekend,110.0,0.0,110.0,150.0,False
8960145b49bffff,2026-05-02 03:00:00,weekend,101.46,0.0,101.46,150.0,False
8960145b49bffff,2026-05-02 04:00:00,weekend,93.5,0.0,93.5,150.0,False
8960145b49bffff,2026-05-02 05:00:00,weekend,86.67,0.0,86.67,150.0,False
8960145b49bffff,2026-05-02 06:00:00,weekend,81.42,0.0,81.42,150.0,False
8960145b49bffff,2026-05-02 07:00:00,weekend,78.12,0.0,78.12,150.0,False
8960145b49bffff,2026-05-02 08:00:00,weekend,77.0,0.0,77.0,150.0,False
8960145b49bffff,2026-05-02 09:00:00,weekend,78.12,0.0,78.12,150.0,False
8960145b49bffff,2026-05-02 10:00:00,weekend,81.42,32.65,114.08,150.0,False
8960145b49bffff,2026-05-02 11:00:00,weekend,86.67,35.88,122.54,150.0,False
8960145b49bffff,2026-05-02 12:00:00,weekend,93.5,31.36,124.86,150.0,False
8960145b49bffff,2026-05-02 13:00:00,weekend,101.46,39.76,141.22,150.0,False
8960145b49bffff,2026-05-02 14:00:00,weekend,110.0,41.66,151.66,150.0,True
8960145b49bffff,2026-05-02 15:00:00,weekend,118.54,38.14,156.68,150.0,True
8960145b49bffff,2026-05-02 16:00:00,weekend,126.5,54.86,181.36,150.0,True
8960145b49bffff,2026-05-02 17:00:00,weekend,133.33,40.7,174.04,150.0,True
8960145b49bffff,2026-05-02 18:00:00,weekend,138.58,38.43,177.01,150.0,True
8960145b49bffff,2026-05-02 19:00:00,weekend,141.88,46.28,188.16,150.0,True
8960145b49bffff,2026-05-02 20:00:00,weekend,143.0,34.23,177.23,150.0,True
8960145b49bffff,2026-05-02 21:00:00,weekend,141.88,54.07,195.94,150.0,True
8960145b49bffff,2026-05-02 22:00:00,weekend,138.58,32.24,170.82,150.0,True
8960145b49bffff,2026-05-02 23:00:00,weekend,133.33,0.0,133.33,150.0,False
8960145b49bffff,2026-05-03 00:00:00,weekend,126.5,0.0,126.5,150.0,False
8960145b49bffff,2026-05-03 01:00:00,weekend,118.54,0.0,118.54,150.0,False
8960145b49bffff,2026-05-03 02:00:00,weekend,110.0,0.0,110.0,150.0,False
8960145b49bffff,2026-05-03 03:00:00,weekend,101.46,0.0,101.46,150.0,False
8960145b49bffff,2026-05-03 04:00:00,weekend,93.5,0.0,93.5,150.0,False
8960145b49bffff,2026-05-03 05:00:00,weekend,86.67,0.0,86.67,150.0,False
8960145b49bffff,2026-05-03 06:00:00,weekend,81.42,0.0,81.42,150.0,False
8960145b49bffff,2026-05-03 07:00:00,weekend,78.12,0.0,78.12,150.0,False
8960145b49bffff,2026-05-03 08:00:00,weekend,77.0,0.0,77.0,150.0,False
8960145b49bffff,2026-05-03 09:00:00,weekend,78.12,0.0,78.12,150.0,False
8960145b49bffff,2026-05-03 10:00:00,weekend,81.42,59.61,141.03,150.0,False
8960145b49bffff,2026-05-03 11:00:00,weekend,86.67,53.17,139.83,150.0,False
8960145b49bffff,2026-05-03 12:00:00,weekend,93.5,35.96,129.46,150.0,False
8960145b49bffff,2026-05-03 13:00:00,weekend,101.46,30.17,131.62,150.0,False
8960145b49bffff,2026-05-03 14:00:00,weekend,110.0,54.46,164.46,150.0,True
8960145b49bffff,2026-05-03 15:00:00,weekend,118.54,51.21,169.75,150.0,True
8960145b49bffff,2026-05-03 16:00:00,weekend,126.5,51.87,178.37,150.0,True
8960145b49bffff,2026-05-03 17:00:00,weekend,133.33,53.14,186.47,150.0,True
8960145b49bffff,2026-05-03 18:00:00,weekend,138.58,32.22,170.8,150.0,True
8960145b49bffff,2026-05-03 19:00:00,weekend,141.88,40.75,182.63,150.0,True
8960145b49bffff,2026-05-03 20:00:00,weekend,143.0,33.48,176.48,150.0,True
8960145b49bffff,2026-05-03 21:00:00,weekend,141.88,55.89,197.77,150.0,True
8960145b49bffff,2026-05-03 22:00:00,weekend,138.58,48.7,187.28,150.0,True
8960145b49bffff,2026-05-03 23:00:00,weekend,133.33,0.0,133.33,150.0,False
8960145b49bffff,2026-05-04 00:00:00,weekday,135.36,0.0,135.36,150.0,False
8960145b49bffff,2026-05-04 01:00:00,weekday,125.0,0.0,125.0,150.0,False
8960145b49bffff,2026-05-04 02:00:00,weekday,112.94,0.0,112.94,150.0,False
8960145b49bffff,2026-05-04 03:00:00,weekday,100.0,0.0,100.0,150.0,False
8960145b49bffff,2026-05-04 04:00:00,weekday,87.06,0.0,87.06,150.0,False
8960145b49bffff,2026-05-04 05:00:00,weekday,75.0,0.0,75.0,150.0,False
8960145b49bffff,2026-05-04 06:00:00,weekday,64.64,0.0,64.64,150.0,False
8960145b49bffff,2026-05-04 07:00:00,weekday,56.7,0.0,56.7,150.0,False
8960145b49bffff,2026-05-04 08:00:00,weekday,51.7,0.0,51.7,150.0,False
8960145b49bffff,2026-05-04 09:00:00,weekday,50.0,0.0,50.0,150.0,False
8960145b49bffff,2026-05-04 10:00:00,weekday,51.7,0.0,51.7,150.0,False
8960145b49bffff,2026-05-04 11:00:00,weekday,56.7,0.0,56.7,150.0,False
8960145b49bffff,2026-05-04 12:00:00,weekday,64.64,0.0,64.64,150.0,False
8960145b49bffff,2026-05-04 13:00:00,weekday,75.0,0.0,75.0,150.0,False
8960145b49bffff,2026-05-04 14:00:00,weekday,87.06,0.0,87.06,150.0,False
8960145b49bffff,2026-05-04 15:00:00,weekday,100.0,0.0,100.0,150.0,False
8960145b49bffff,2026-05-04 16:00:00,weekday,112.94,0.0,112.94,150.0,False
8960145b49bffff,2026-05-04 17:00:00,weekday,125.0,0.0,125.0,150.0,False
8960145b49bffff,2026-05-04 18:00:00,weekday,135.36,53.24,188.59,150.0,True
8960145b49bffff,2026-05-04 19:00:00,weekday,143.3,42.54,185.84,150.0,True
8960145b49bffff,2026-05-04 20:00:00,weekday,148.3,52.44,200.74,150.0,True
8960145b49bffff,2026-05-04 21:00:00,weekday,150.0,53.01,203.01,150.0,True
8960145b49bffff,2026-05-04 22:00:00,weekday,148.3,69.18,217.48,150.0,True
8960145b49bffff,2026-05-04 23:00:00,weekday,143.3,0.0,143.3,150.0,False
8960145b49bffff,2026-05-05 00:00:00,weekday,135.36,0.0,135.36,150.0,False
8960145b49bffff,2026-05-05 01:00:00,weekday,125.0,0.0,125.0,150.0,False
8960145b49bffff,2026-05-05 02:00:00,weekday,112.94,0.0,112.94,150.0,False
8960145b49bffff,2026-05-05 03:00:00,weekday,100.0,0.0,100.0,150.0,False
8960145b49bffff,2026-05-05 04:00:00,weekday,87.06,0.0,87.06,150.0,False
8960145b49bffff,2026-05-05 05:00:00,weekday,75.0,0.0,75.0,150.0,False
8960145b49bffff,2026-05-05 06:00:00,weekday,64.64,0.0,64.64,150.0,False
8960145b49bffff,2026-05-05 07:00:00,weekday,56.7,0.0,56.7,150.0,False
8960145b49bffff,2026-05-05 08:00:00,weekday,51.7,0.0,51.7,150.0,False
8960145b49bffff,2026-05-05 09:00:00,weekday,50.0,0.0,50.0,150.0,False
8960145b49bffff,2026-05-05 10:00:00,weekday,51.7,0.0,51.7,150.0,False
8960145b49bffff,2026-05-05 11:00:00,weekday,56.7,0.0,56.7,150.0,False
8960145b49bffff,2026-05-05 12:00:00,weekday,64.64,0.0,64.64,150.0,False
8960145b49bffff,2026-05-05 13:00:00,weekday,75.0,0.0,75.0,150.0,False
8960145b49bffff,2026-05-05 14:00:00,weekday,87.06,0.0,87.06,150.0,False
8960145b49bffff,2026-05-05 15:00:00,weekday,100.0,0.0,100.0,150.0,False
8960145b49bffff,2026-05-05 16:00:00,weekday,112.94,0.0,112.94,150.0,False
8960145b49bffff,2026-05-05 17:00:00,weekday,125.0,0.0,125.0,150.0,False
8960145b49bffff,2026-05-05 18:00:00,weekday,135.36,65.5,200.86,150.0,True
8960145b49bffff,2026-05-05 19:00:00,weekday,143.3,75.49,218.79,150.0,True
8960145b49bffff,2026-05-05 20:00:00,weekday,148.3,58.89,207.18,150.0,True
8960145b49bffff,2026-05-05 21:00:00,weekday,150.0,44.78,194.78,150.0,True
8960145b49bffff,2026-05-05 22:00:00,weekday,148.3,68.53,216.83,150.0,True
8960145b49bffff,2026-05-05 23:00:00,weekday,143.3,0.0,143.3,150.0,False
8960145b49bffff,2026-05-06 00:00:00,weekday,135.36,0.0,135.36,150.0,False
8960145b49bffff,2026-05-06 01:00:00,weekday,125.0,0.0,125.0,150.0,False
8960145b49bffff,2026-05-06 02:00:00,weekday,112.94,0.0,112.94,150.0,False
8960145b49bffff,2026-05-06 03:00:00,weekday,100.0,0.0,100.0,150.0,False
8960145b49bffff,2026-05-06 04:00:00,weekday,87.06,0.0,87.06,150.0,False
8960145b49bffff,2026-05-06 05:00:00,weekday,75.0,0.0,75.0,150.0,False
8960145b49bffff,2026-05-06 06:00:00,weekday,64.64,0.0,64.64,150.0,False
8960145b49bffff,2026-05-06 07:00:00,weekday,56.7,0.0,56.7,150.0,False
8960145b49bffff,2026-05-06 08:00:00,weekday,51.7,0.0,51.7,150.0,False
8960145b49bffff,2026-05-06 09:00:00,weekday,50.0,0.0,50.0,150.0,False
8960145b49bffff,2026-05-06 10:00:00,weekday,51.7,0.0,51.7,150.0,False
8960145b49bffff,2026-05-06 11:00:00,weekday,56.7,0.0,56.7,150.0,False
8960145b49bffff,2026-05-06 12:00:00,weekday,64.64,0.0,64.64,150.0,False
8960145b49bffff,2026-05-06 13:00:00,weekday,75.0,0.0,75.0,150.0,False
8960145b49bffff,2026-05-06 14:00:00,weekday,87.06,0.0,87.06,150.0,False
8960145b49bffff,2026-05-06 15:00:00,weekday,100.0,0.0,100.0,150.0,False
8960145b49bffff,2026-05-06 16:00:00,weekday,112.94,0.0,112.94,150.0,False
8960145b49bffff,2026-05-06 17:00:00,weekday,125.0,0.0,125.0,150.0,False
8960145b49bffff,2026-05-06 18:00:00,weekday,135.36,70.43,205.79,150.0,True
8960145b49bffff,2026-05-06 19:00:00,weekday,143.3,62.45,205.75,150.0,True
8960145b49bffff,2026-05-06 20:00:00,weekday,148.3,70.84,219.13,150.0,True
8960145b49bffff,2026-05-06 21:00:00,weekday,150.0,59.75,209.75,150.0,True
8960145b49bffff,2026-05-06 22:00:00,weekday,148.3,60.91,209.21,150.0,True
8960145b49bffff,2026-05-06 23:00:00,weekday,143.3,0.0,143.3,150.0,False
8960145b49bffff,2026-05-07 00:00:00,weekday,135.36,0.0,135.36,150.0,False
8960145b49bffff,2026-05-07 01:00:00,weekday,125.0,0.0,125.0,150.0,False
8960145b49bffff,2026-05-07 02:00:00,weekday,112.94,0.0,112.94,150.0,False
8960145b49bffff,2026-05-07 03:00:00,weekday,100.0,0.0,100.0,150.0,False
8960145b49bffff,2026-05-07 04:00:00,weekday,87.06,0.0,87.06,150.0,False
8960145b49bffff,2026-05-07 05:00:00,weekday,75.0,0.0,75.0,150.0,False
8960145b49bffff,2026-05-07 06:00:00,weekday,64.64,0.0,64.64,150.0,False
8960145b49bffff,2026-05-07 07:00:00,weekday,56.7,0.0,56.7,150.0,False
8960145b49bffff,2026-05-07 08:00:00,weekday,51.7,0.0,51.7,150.0,False
8960145b49bffff,2026-05-07 09:00:00,weekday,50.0,0.0,50.0,150.0,False
8960145b49bffff,2026-05-07 10:00:00,weekday,51.7,0.0,51.7,150.0,False
8960145b49bffff,2026-05-07 11:00:00,weekday,56.7,0.0,56.7,150.0,False
8960145b49bffff,2026-05-07 12:00:00,weekday,64.64,0.0,64.64,150.0,False
8960145b49bffff,2026-05-07 13:00:00,weekday,75.0,0.0,75.0,150.0,False
8960145b49bffff,2026-05-07 14:00:00,weekday,87.06,0.0,87.06,150.0,False
8960145b49bffff,2026-05-07 15:00:00,weekday,100.0,0.0,100.0,150.0,False
8960145b49bffff,2026-05-07 16:00:00,weekday,112.94,0.0,112.94,150.0,False
8960145b49bffff,2026-05-07 17:00:00,weekday,125.0,0.0,125.0,150.0,False
8960145b49bffff,2026-05-07 18:00:00,weekday,135.36,57.1,192.46,150.0,True
8960145b49bffff,2026-05-07 19:00:00,weekday,143.3,41.02,184.32,150.0,True
8960145b49bffff,2026-05-07 20:00:00,weekday,148.3,44.32,192.61,150.0,True
8960145b49bffff,2026-05-07 21:00:00,weekday,150.0,41.26,191.26,150.0,True
8960145b49bffff,2026-05-07 22:00:00,weekday,148.3,65.46,213.75,150.0,True
8960145b49bffff,2026-05-07 23:00:00,weekday,143.3,0.0,143.3,150.0,False
8960145b48bffff,2026-05-01 00:00:00,weekday,135.36,0.0,135.36,150.0,False
8960145b48bffff,2026-05-01 01:00:00,weekday,125.0,0.0,125.0,150.0,False
8960145b48bffff,2026-05-01 02:00:00,weekday,112.94,0.0,112.94,150.0,False
8960145b48bffff,2026-05-01 03:00:00,weekday,100.0,0.0,100.0,150.0,False
8960145b48bffff,2026-05-01 04:00:00,weekday,87.06,0.0,87.06,150.0,False
8960145b48bffff,2026-05-01 05:00:00,weekday,75.0,0.0,75.0,150.0,False
8960145b48bffff,2026-05-01 06:00:00,weekday,64.64,0.0,64.64,150.0,False
8960145b48bffff,2026-05-01 07:00:00,weekday,56.7,0.0,56.7,150.0,False
8960145b48bffff,2026-05-01 08:00:00,weekday,51.7,0.0,51.7,150.0,False
8960145b48bffff,2026-05-01 09:00:00,weekday,50.0,0.0,50.0,150.0,False
8960145b48bffff,2026-05-01 10:00:00,weekday,51.7,0.0,51.7,150.0,False
8960145b48bffff,2026-05-01 11:00:00,weekday,56.7,0.0,56.7,150.0,False
8960145b48bffff,2026-05-01 12:00:00,weekday,64.64,0.0,64.64,150.0,False
8960145b48bffff,2026-05-01 13:00:00,weekday,75.0,0.0,75.0,150.0,False
8960145b48bffff,2026-05-01 14:00:00,weekday,87.06,0.0,87.06,150.0,False
8960145b48bffff,2026-05-01 15:00:00,weekday,100.0,0.0,100.0,150.0,False
8960145b48bffff,2026-05-01 16:00:00,weekday,112.94,0.0,112.94,150.0,False
8960145b48bffff,2026-05-01 17:00:00,weekday,125.0,0.0,125.0,150.0,False
8960145b48bffff,2026-05-01 18:00:00,weekday,135.36,52.57,187.93,150.0,True
8960145b48bffff,2026-05-01 19:00:00,weekday,143.3,60.34,203.64,150.0,True
8960145b48bffff,2026-05-01 20:00:00,weekday,148.3,76.3,224.6,150.0,True
8960145b48bffff,2026-05-01 21:00:00,weekday,150.0,49.97,199.97,150.0,True
8960145b48bffff,2026-05-01 22:00:00,weekday,148.3,56.42,204.71,150.0,True
8960145b48bffff,2026-05-01 23:00:00,weekday,143.3,0.0,143.3,150.0,False
8960145b48bffff,2026-05-02 00:00:00,weekend,126.5,0.0,126.5,150.0,False
8960145b48bffff,2026-05-02 01:00:00,weekend,118.54,0.0,118.54,150.0,False
8960145b48bffff,2026-05-02 02:00:00,weekend,110.0,0.0,110.0,150.0,False
8960145b48bffff,2026-05-02 03:00:00,weekend,101.46,0.0,101.46,150.0,False
8960145b48bffff,2026-05-02 04:00:00,weekend,93.5,0.0,93.5,150.0,False
8960145b48bffff,2026-05-02 05:00:00,weekend,86.67,0.0,86.67,150.0,False
8960145b48bffff,2026-05-02 06:00:00,weekend,81.42,0.0,81.42,150.0,False
8960145b48bffff,2026-05-02 07:00:00,weekend,78.12,0.0,78.12,150.0,False
8960145b48bffff,2026-05-02 08:00:00,weekend,77.0,0.0,77.0,150.0,False
8960145b48bffff,2026-05-02 09:00:00,weekend,78.12,0.0,78.12,150.0,False
8960145b48bffff,2026-05-02 10:00:00,weekend,81.42,52.67,134.09,150.0,False
8960145b48bffff,2026-05-02 11:00:00,weekend,86.67,36.86,123.53,150.0,False
8960145b48bffff,2026-05-02 12:00:00,weekend,93.5,32.31,125.81,150.0,False
8960145b48bffff,2026-05-02 13:00:00,weekend,101.46,38.69,140.15,150.0,False
8960145b48bffff,2026-05-02 14:00:00,weekend,110.0,34.84,144.84,150.0,False
8960145b48bffff,2026-05-02 15:00:00,weekend,118.54,57.89,176.43,150.0,True
8960145b48bffff,2026-05-02 16:00:00,weekend,126.5,54.24,180.74,150.0,True
8960145b48bffff,2026-05-02 17:00:00,weekend,133.33,49.0,182.34,150.0,True
8960145b48bffff,2026-05-02 18:00:00,weekend,138.58,56.14,194.72,150.0,True
8960145b48bffff,2026-05-02 19:00:00,weekend,141.88,54.11,195.99,150.0,True
8960145b48bffff,2026-05-02 20:00:00,weekend,143.0,35.6,178.6,150.0,True
8960145b48bffff,2026-05-02 21:00:00,weekend,141.88,56.78,198.65,150.0,True
8960145b48bffff,2026-05-02 22:00:00,weekend,138.58,46.18,184.76,150.0,True
8960145b48bffff,2026-05-02 23:00:00,weekend,133.33,0.0,133.33,150.0,False
8960145b48bffff,2026-05-03 00:00:00,weekend,126.5,0.0,126.5,150.0,False
8960145b48bffff,2026-05-03 01:00:00,weekend,118.54,0.0,118.54,150.0,False
8960145b48bffff,2026-05-03 02:00:00,weekend,110.0,0.0,110.0,150.0,False
8960145b48bffff,2026-05-03 03:00:00,weekend,101.46,0.0,101.46,150.0,False
8960145b48bffff,2026-05-03 04:00:00,weekend,93.5,0.0,93.5,150.0,False
8960145b48bffff,2026-05-03 05:00:00,weekend,86.67,0.0,86.67,150.0,False
8960145b48bffff,2026-05-03 06:00:00,weekend,81.42,0.0,81.42,150.0,False
8960145b48bffff,2026-05-03 07:00:00,weekend,78.12,0.0,78.12,150.0,False
8960145b48bffff,2026-05-03 08:00:00,weekend,77.0,0.0,77.0,150.0,False
8960145b48bffff,2026-05-03 09:00:00,weekend,78.12,0.0,78.12,150.0,False
8960145b48bffff,2026-05-03 10:00:00,weekend,81.42,54.22,135.64,150.0,False
8960145b48bffff,2026-05-03 11:00:00,weekend,86.67,56.88,143.55,150.0,False
8960145b48bffff,2026-05-03 12:00:00,weekend,93.5,39.54,133.04,150.0,False
8960145b48bffff,2026-05-03 13:00:00,weekend,101.46,33.3,134.76,150.0,False
8960145b48bffff,2026-05-03 14:00:00,weekend,110.0,36.84,146.84,150.0,False
8960145b48bffff,2026-05-03 15:00:00,weekend,118.54,42.81,161.35,150.0,True
8960145b48bffff,2026-05-03 16:00:00,weekend,126.5,54.54,181.04,150.0,True
8960145b48bffff,2026-05-03 17:00:00,weekend,133.33,55.82,189.16,150.0,True
8960145b48bffff,2026-05-03 18:00:00,weekend,138.58,30.21,168.79,150.0,True
8960145b48bffff,2026-05-03 19:00:00,weekend,141.88,45.32,187.2,150.0,True
8960145b48bffff,2026-05-03 20:00:00,weekend,143.0,42.52,185.52,150.0,True
8960145b48bffff,2026-05-03 21:00:00,weekend,141.88,36.66,178.54,150.0,True
8960145b48bffff,2026-05-03 22:00:00,weekend,138.58,33.6,172.17,150.0,True
8960145b48bffff,2026-05-03 23:00:00,weekend,133.33,0.0,133.33,150.0,False
8960145b48bffff,2026-05-04 00:00:00,weekday,135.36,0.0,135.36,150.0,False
8960145b48bffff,2026-05-04 01:00:00,weekday,125.0,0.0,125.0,150.0,False
8960145b48bffff,2026-05-04 02:00:00,weekday,112.94,0.0,112.94,150.0,False
8960145b48bffff,2026-05-04 03:00:00,weekday,100.0,0.0,100.0,150.0,False
8960145b48bffff,2026-05-04 04:00:00,weekday,87.06,0.0,87.06,150.0,False
8960145b48bffff,2026-05-04 05:00:00,weekday,75.0,0.0,75.0,150.0,False
8960145b48bffff,2026-05-04 06:00:00,weekday,64.64,0.0,64.64,150.0,False
8960145b48bffff,2026-05-04 07:00:00,weekday,56.7,0.0,56.7,150.0,False
8960145b48bffff,2026-05-04 08:00:00,weekday,51.7,0.0,51.7,150.0,False
8960145b48bffff,2026-05-04 09:00:00,weekday,50.0,0.0,50.0,150.0,False
8960145b48bffff,2026-05-04 10:00:00,weekday,51.7,0.0,51.7,150.0,False
8960145b48bffff,2026-05-04 11:00:00,weekday,56.7,0.0,56.7,150.0,False
8960145b48bffff,2026-05-04 12:00:00,weekday,64.64,0.0,64.64,150.0,False
8960145b48bffff,2026-05-04 13:00:00,weekday,75.0,0.0,75.0,150.0,False
8960145b48bffff,2026-05-04 14:00:00,weekday,87.06,0.0,87.06,150.0,False
8960145b48bffff,2026-05-04 15:00:00,weekday,100.0,0.0,100.0,150.0,False
8960145b48bffff,2026-05-04 16:00:00,weekday,112.94,0.0,112.94,150.0,False
8960145b48bffff,2026-05-04 17:00:00,weekday,125.0,0.0,125.0,150.0,False
8960145b48bffff,2026-05-04 18:00:00,weekday,135.36,53.5,188.86,150.0,True
8960145b48bffff,2026-05-04 19:00:00,weekday,143.3,77.72,221.02,150.0,True
8960145b48bffff,2026-05-04 20:00:00,weekday,148.3,52.93,201.22,150.0,True
8960145b48bffff,2026-05-04 21:00:00,weekday,150.0,60.75,210.75,150.0,True
8960145b48bffff,2026-05-04 22:00:00,weekday,148.3,68.12,216.42,150.0,True
8960145b48bffff,2026-05-04 23:00:00,weekday,143.3,0.0,143.3,150.0,False
8960145b48bffff,2026-05-05 00:00:00,weekday,135.36,0.0,135.36,150.0,False
8960145b48bffff,2026-05-05 01:00:00,weekday,125.0,0.0,125.0,150.0,False
8960145b48bffff,2026-05-05 02:00:00,weekday,112.94,0.0,112.94,150.0,False
8960145b48bffff,2026-05-05 03:00:00,weekday,100.0,0.0,100.0,150.0,False
8960145b48bffff,2026-05-05 04:00:00,weekday,87.06,0.0,87.06,150.0,False
8960145b48bffff,2026-05-05 05:00:00,weekday,75.0,0.0,75.0,150.0,False
8960145b48bffff,2026-05-05 06:00:00,weekday,64.64,0.0,64.64,150.0,False
8960145b48bffff,2026-05-05 07:00:00,weekday,56.7,0.0,56.7,150.0,False
8960145b48bffff,2026-05-05 08:00:00,weekday,51.7,0.0,51.7,150.0,False
8960145b48bffff,2026-05-05 09:00:00,weekday,50.0,0.0,50.0,150.0,False
8960145b48bffff,2026-05-05 10:00:00,weekday,51.7,0.0,51.7,150.0,False
8960145b48bffff,2026-05-05 11:00:00,weekday,56.7,0.0,56.7,150.0,False
8960145b48bffff,2026-05-05 12:00:00,weekday,64.64,0.0,64.64,150.0,False
8960145b48bffff,2026-05-05 13:00:00,weekday,75.0,0.0,75.0,150.0,False
8960145b48bffff,2026-05-05 14:00:00,weekday,87.06,0.0,87.06,150.0,False
8960145b48bffff,2026-05-05 15:00:00,weekday,100.0,0.0,100.0,150.0,False
8960145b48bffff,2026-05-05 16:00:00,weekday,112.94,0.0,112.94,150.0,False
8960145b48bffff,2026-05-05 17:00:00,weekday,125.0,0.0,125.0,150.0,False
8960145b48bffff,2026-05-05 18:00:00,weekday,135.36,54.55,189.9,150.0,True
8960145b48bffff,2026-05-05 19:00:00,weekday,143.3,78.87,222.17,150.0,True
8960145b48bffff,2026-05-05 20:00:00,weekday,148.3,78.5,226.79,150.0,True
8960145b48bffff,2026-05-05 21:00:00,weekday,150.0,50.07,200.07,150.0,True
8960145b48bffff,2026-05-05 22:00:00,weekday,148.3,59.89,208.19,150.0,True
8960145b48bffff,2026-05-05 23:00:00,weekday,143.3,0.0,143.3,150.0,False
8960145b48bffff,2026-05-06 00:00:00,weekday,135.36,0.0,135.36,150.0,False
8960145b48bffff,2026-05-06 01:00:00,weekday,125.0,0.0,125.0,150.0,False
8960145b48bffff,2026-05-06 02:00:00,weekday,112.94,0.0,112.94,150.0,False
8960145b48bffff,2026-05-06 03:00:00,weekday,100.0,0.0,100.0,150.0,False
8960145b48bffff,2026-05-06 04:00:00,weekday,87.06,0.0,87.06,150.0,False
8960145b48bffff,2026-05-06 05:00:00,weekday,75.0,0.0,75.0,150.0,False
8960145b48bffff,2026-05-06 06:00:00,weekday,64.64,0.0,64.64,150.0,False
8960145b48bffff,2026-05-06 07:00:00,weekday,56.7,0.0,56.7,150.0,False
8960145b48bffff,2026-05-06 08:00:00,weekday,51.7,0.0,51.7,150.0,False
8960145b48bffff,2026-05-06 09:00:00,weekday,50.0,0.0,50.0,150.0,False
8960145b48bffff,2026-05-06 10:00:00,weekday,51.7,0.0,51.7,150.0,False
8960145b48bffff,2026-05-06 11:00:00,weekday,56.7,0.0,56.7,150.0,False
8960145b48bffff,2026-05-06 12:00:00,weekday,64.64,0.0,64.64,150.0,False
8960145b48bffff,2026-05-06 13:00:00,weekday,75.0,0.0,75.0,150.0,False
8960145b48bffff,2026-05-06 14:00:00,weekday,87.06,0.0,87.06,150.0,False
8960145b48bffff,2026-05-06 15:00:00,weekday,100.0,0.0,100.0,150.0,False
8960145b48bffff,2026-05-06 16:00:00,weekday,112.94,0.0,112.94,150.0,False
8960145b48bffff,2026-05-06 17:00:00,weekday,125.0,0.0,125.0,150.0,False
8960145b48bffff,2026-05-06 18:00:00,weekday,135.36,52.04,187.39,150.0,True
8960145b48bffff,2026-05-06 19:00:00,weekday,143.3,51.39,194.69,150.0,True
8960145b48bffff,2026-05-06 20:00:00,weekday,148.3,41.48,189.77,150.0,True
8960145b48bffff,2026-05-06 21:00:00,weekday,150.0,64.38,214.38,150.0,True
8960145b48bffff,2026-05-06 22:00:00,weekday,148.3,60.11,208.4,150.0,True
8960145b48bffff,2026-05-06 23:00:00,weekday,143.3,0.0,143.3,150.0,False
8960145b48bffff,2026-05-07 00:00:00,weekday,135.36,0.0,135.36,150.0,False
8960145b48bffff,2026-05-07 01:00:00,weekday,125.0,0.0,125.0,150.0,False
8960145b48bffff,2026-05-07 02:00:00,weekday,112.94,0.0,112.94,150.0,False
8960145b48bffff,2026-05-07 03:00:00,weekday,100.0,0.0,100.0,150.0,False
8960145b48bffff,2026-05-07 04:00:00,weekday,87.06,0.0,87.06,150.0,False
8960145b48bffff,2026-05-07 05:00:00,weekday,75.0,0.0,75.0,150.0,False
8960145b48bffff,2026-05-07 06:00:00,weekday,64.64,0.0,64.64,150.0,False
8960145b48bffff,2026-05-07 07:00:00,weekday,56.7,0.0,56.7,150.0,False
8960145b48bffff,2026-05-07 08:00:00,weekday,51.7,0.0,51.7,150.0,False
8960145b48bffff,2026-05-07 09:00:00,weekday,50.0,0.0,50.0,150.0,False
8960145b48bffff,2026-05-07 10:00:00,weekday,51.7,0.0,51.7,150.0,False
8960145b48bffff,2026-05-07 11:00:00,weekday,56.7,0.0,56.7,150.0,False
8960145b48bffff,2026-05-07 12:00:00,weekday,64.64,0.0,64.64,150.0,False
8960145b48bffff,2026-05-07 13:00:00,weekday,75.0,0.0,75.0,150.0,False
8960145b48bffff,2026-05-07 14:00:00,weekday,87.06,0.0,87.06,150.0,False
8960145b48bffff,2026-05-07 15:00:00,weekday,100.0,0.0,100.0,150.0,False
8960145b48bffff,2026-05-07 16:00:00,weekday,112.94,0.0,112.94,150.0,False
8960145b48bffff,2026-05-07 17:00:00,weekday,125.0,0.0,125.0,150.0,False
8960145b48bffff,2026-05-07 18:00:00,weekday,135.36,42.06,177.41,150.0,True
8960145b48bffff,2026-05-07 19:00:00,weekday,143.3,51.15,194.45,150.0,True
8960145b48bffff,2026-05-07 20:00:00,weekday,148.3,76.33,224.63,150.0,True
8960145b48bffff,2026-05-07 21:00:00,weekday,150.0,49.58,199.58,150.0,True
8960145b48bffff,2026-05-07 22:00:00,weekday,148.3,45.8,194.09,150.0,True
8960145b48bffff,2026-05-07 23:00:00,weekday,143.3,0.0,143.3,150.0,False
8960145b48fffff,2026-05-01 00:00:00,weekday,135.36,0.0,135.36,150.0,False
8960145b48fffff,2026-05-01 01:00:00,weekday,125.0,0.0,125.0,150.0,False
8960145b48fffff,2026-05-01 02:00:00,weekday,112.94,0.0,112.94,150.0,False
8960145b48fffff,2026-05-01 03:00:00,weekday,100.0,0.0,100.0,150.0,False
8960145b48fffff,2026-05-01 04:00:00,weekday,87.06,0.0,87.06,150.0,False
8960145b48fffff,2026-05-01 05:00:00,weekday,75.0,0.0,75.0,150.0,False
8960145b48fffff,2026-05-01 06:00:00,weekday,64.64,0.0,64.64,150.0,False
8960145b48fffff,2026-05-01 07:00:00,weekday,56.7,0.0,56.7,150.0,False
8960145b48fffff,2026-05-01 08:00:00,weekday,51.7,0.0,51.7,150.0,False
8960145b48fffff,2026-05-01 09:00:00,weekday,50.0,0.0,50.0,150.0,False
8960145b48fffff,2026-05-01 10:00:00,weekday,51.7,0.0,51.7,150.0,False
8960145b48fffff,2026-05-01 11:00:00,weekday,56.7,0.0,56.7,150.0,False
8960145b48fffff,2026-05-01 12:00:00,weekday,64.64,0.0,64.64,150.0,False
8960145b48fffff,2026-05-01 13:00:00,weekday,75.0,0.0,75.0,150.0,False
8960145b48fffff,2026-05-01 14:00:00,weekday,87.06,0.0,87.06,150.0,False
8960145b48fffff,2026-05-01 15:00:00,weekday,100.0,0.0,100.0,150.0,False
8960145b48fffff,2026-05-01 16:00:00,weekday,112.94,0.0,112.94,150.0,False
8960145b48fffff,2026-05-01 17:00:00,weekday,125.0,0.0,125.0,150.0,False
8960145b48fffff,2026-05-01 18:00:00,weekday,135.36,59.58,194.93,150.0,True
8960145b48fffff,2026-05-01 19:00:00,weekday,143.3,79.43,222.73,150.0,True
8960145b48fffff,2026-05-01 20:00:00,weekday,148.3,49.68,197.98,150.0,True
8960145b48fffff,2026-05-01 21:00:00,weekday,150.0,66.89,216.89,150.0,True
8960145b48fffff,2026-05-01 22:00:00,weekday,148.3,70.46,218.76,150.0,True
8960145b48fffff,2026-05-01 23:00:00,weekday,143.3,0.0,143.3,150.0,False
8960145b48fffff,2026-05-02 00:00:00,weekend,126.5,0.0,126.5,150.0,False
8960145b48fffff,2026-05-02 01:00:00,weekend,118.54,0.0,118.54,150.0,False
8960145b48fffff,2026-05-02 02:00:00,weekend,110.0,0.0,110.0,150.0,False
8960145b48fffff,2026-05-02 03:00:00,weekend,101.46,0.0,101.46,150.0,False
8960145b48fffff,2026-05-02 04:00:00,weekend,93.5,0.0,93.5,150.0,False
8960145b48fffff,2026-05-02 05:00:00,weekend,86.67,0.0,86.67,150.0,False
8960145b48fffff,2026-05-02 06:00:00,weekend,81.42,0.0,81.42,150.0,False
8960145b48fffff,2026-05-02 07:00:00,weekend,78.12,0.0,78.12,150.0,False
8960145b48fffff,2026-05-02 08:00:00,weekend,77.0,0.0,77.0,150.0,False
8960145b48fffff,2026-05-02 09:00:00,weekend,78.12,0.0,78.12,150.0,False
8960145b48fffff,2026-05-02 10:00:00,weekend,81.42,37.13,118.55,150.0,False
8960145b48fffff,2026-05-02 11:00:00,weekend,86.67,51.85,138.51,150.0,False
8960145b48fffff,2026-05-02 12:00:00,weekend,93.5,41.03,134.53,150.0,False
8960145b48fffff,2026-05-02 13:00:00,weekend,101.46,48.97,150.43,150.0,True
8960145b48fffff,2026-05-02 14:00:00,weekend,110.0,49.01,159.01,150.0,True
8960145b48fffff,2026-05-02 15:00:00,weekend,118.54,46.07,164.61,150.0,True
8960145b48fffff,2026-05-02 16:00:00,weekend,126.5,32.71,159.21,150.0,True
8960145b48fffff,2026-05-02 17:00:00,weekend,133.33,55.06,188.39,150.0,True
8960145b48fffff,2026-05-02 18:00:00,weekend,138.58,39.62,178.2,150.0,True
8960145b48fffff,2026-05-02 19:00:00,weekend,141.88,35.6,177.47,150.0,True
8960145b48fffff,2026-05-02 20:00:00,weekend,143.0,31.22,174.22,150.0,True
8960145b48fffff,2026-05-02 21:00:00,weekend,141.88,47.73,189.6,150.0,True
8960145b48fffff,2026-05-02 22:00:00,weekend,138.58,50.33,188.91,150.0,True
8960145b48fffff,2026-05-02 23:00:00,weekend,133.33,0.0,133.33,150.0,False
8960145b48fffff,2026-05-03 00:00:00,weekend,126.5,0.0,126.5,150.0,False
8960145b48fffff,2026-05-03 01:00:00,weekend,118.54,0.0,118.54,150.0,False
8960145b48fffff,2026-05-03 02:00:00,weekend,110.0,0.0,110.0,150.0,False
8960145b48fffff,2026-05-03 03:00:00,weekend,101.46,0.0,101.46,150.0,False
8960145b48fffff,2026-05-03 04:00:00,weekend,93.5,0.0,93.5,150.0,False
8960145b48fffff,2026-05-03 05:00:00,weekend,86.67,0.0,86.67,150.0,False
8960145b48fffff,2026-05-03 06:00:00,weekend,81.42,0.0,81.42,150.0,False
8960145b48fffff,2026-05-03 07:00:00,weekend,78.12,0.0,78.12,150.0,False
8960145b48fffff,2026-05-03 08:00:00,weekend,77.0,0.0,77.0,150.0,False
8960145b48fffff,2026-05-03 09:00:00,weekend,78.12,0.0,78.12,150.0,False
8960145b48fffff,2026-05-03 10:00:00,weekend,81.42,30.5,111.92,150.0,False
8960145b48fffff,2026-05-03 11:00:00,weekend,86.67,45.36,132.03,150.0,False
8960145b48fffff,2026-05-03 12:00:00,weekend,93.5,36.79,130.29,150.0,False
8960145b48fffff,2026-05-03 13:00:00,weekend,101.46,49.36,150.81,150.0,True
8960145b48fffff,2026-05-03 14:00:00,weekend,110.0,35.23,145.23,150.0,False
8960145b48fffff,2026-05-03 15:00:00,weekend,118.54,50.73,169.27,150.0,True
8960145b48fffff,2026-05-03 16:00:00,weekend,126.5,41.6,168.1,150.0,True
8960145b48fffff,2026-05-03 17:00:00,weekend,133.33,58.1,191.44,150.0,True
8960145b48fffff,2026-05-03 18:00:00,weekend,138.58,34.13,172.7,150.0,True
8960145b48fffff,2026-05-03 19:00:00,weekend,141.88,40.23,182.11,150.0,True
8960145b48fffff,2026-05-03 20:00:00,weekend,143.0,33.4,176.4,150.0,True
8960145b48fffff,2026-05-03 21:00:00,weekend,141.88,57.74,199.62,150.0,True
8960145b48fffff,2026-05-03 22:00:00,weekend,138.58,56.32,194.9,150.0,True
8960145b48fffff,2026-05-03 23:00:00,weekend,133.33,0.0,133.33,150.0,False
8960145b48fffff,2026-05-04 00:00:00,weekday,135.36,0.0,135.36,150.0,False
8960145b48fffff,2026-05-04 01:00:00,weekday,125.0,0.0,125.0,150.0,False
8960145b48fffff,2026-05-04 02:00:00,weekday,112.94,0.0,112.94,150.0,False
8960145b48fffff,2026-05-04 03:00:00,weekday,100.0,0.0,100.0,150.0,False
8960145b48fffff,2026-05-04 04:00:00,weekday,87.06,0.0,87.06,150.0,False
8960145b48fffff,2026-05-04 05:00:00,weekday,75.0,0.0,75.0,150.0,False
8960145b48fffff,2026-05-04 06:00:00,weekday,64.64,0.0,64.64,150.0,False
8960145b48fffff,2026-05-04 07:00:00,weekday,56.7,0.0,56.7,150.0,False
8960145b48fffff,2026-05-04 08:00:00,weekday,51.7,0.0,51.7,150.0,False
8960145b48fffff,2026-05-04 09:00:00,weekday,50.0,0.0,50.0,150.0,False
8960145b48fffff,2026-05-04 10:00:00,weekday,51.7,0.0,51.7,150.0,False
8960145b48fffff,2026-05-04 11:00:00,weekday,56.7,0.0,56.7,150.0,False
8960145b48fffff,2026-05-04 12:00:00,weekday,64.64,0.0,64.64,150.0,False
8960145b48fffff,2026-05-04 13:00:00,weekday,75.0,0.0,75.0,150.0,False
8960145b48fffff,2026-05-04 14:00:00,weekday,87.06,0.0,87.06,150.0,False
8960145b48fffff,2026-05-04 15:00:00,weekday,100.0,0.0,100.0,150.0,False
8960145b48fffff,2026-05-04 16:00:00,weekday,112.94,0.0,112.94,150.0,False
8960145b48fffff,2026-05-04 17:00:00,weekday,125.0,0.0,125.0,150.0,False
8960145b48fffff,2026-05-04 18:00:00,weekday,135.36,50.32,185.67,150.0,True
8960145b48fffff,2026-05-04 19:00:00,weekday,143.3,66.4,209.7,150.0,True
8960145b48fffff,2026-05-04 20:00:00,weekday,148.3,72.69,220.99,150.0,True
8960145b48fffff,2026-05-04 21:00:00,weekday,150.0,62.21,212.21,150.0,True
8960145b48fffff,2026-05-04 22:00:00,weekday,148.3,61.19,209.48,150.0,True
8960145b48fffff,2026-05-04 23:00:00,weekday,143.3,0.0,143.3,150.0,False
8960145b48fffff,2026-05-05 00:00:00,weekday,135.36,0.0,135.36,150.0,False
8960145b48fffff,2026-05-05 01:00:00,weekday,125.0,0.0,125.0,150.0,False
8960145b48fffff,2026-05-05 02:00:00,weekday,112.94,0.0,112.94,150.0,False
8960145b48fffff,2026-05-05 03:00:00,weekday,100.0,0.0,100.0,150.0,False
8960145b48fffff,2026-05-05 04:00:00,weekday,87.06,0.0,87.06,150.0,False
8960145b48fffff,2026-05-05 05:00:00,weekday,75.0,0.0,75.0,150.0,False
8960145b48fffff,2026-05-05 06:00:00,weekday,64.64,0.0,64.64,150.0,False
8960145b48fffff,2026-05-05 07:00:00,weekday,56.7,0.0,56.7,150.0,False
8960145b48fffff,2026-05-05 08:00:00,weekday,51.7,0.0,51.7,150.0,False
8960145b48fffff,2026-05-05 09:00:00,weekday,50.0,0.0,50.0,150.0,False
8960145b48fffff,2026-05-05 10:00:00,weekday,51.7,0.0,51.7,150.0,False
8960145b48fffff,2026-05-05 11:00:00,weekday,56.7,0.0,56.7,150.0,False
8960145b48fffff,2026-05-05 12:00:00,weekday,64.64,0.0,64.64,150.0,False
8960145b48fffff,2026-05-05 13:00:00,weekday,75.0,0.0,75.0,150.0,False
8960145b48fffff,2026-05-05 14:00:00,weekday,87.06,0.0,87.06,150.0,False
8960145b48fffff,2026-05-05 15:00:00,weekday,100.0,0.0,100.0,150.0,False
8960145b48fffff,2026-05-05 16:00:00,weekday,112.94,0.0,112.94,150.0,False
8960145b48fffff,2026-05-05 17:00:00,weekday,125.0,0.0,125.0,150.0,False
8960145b48fffff,2026-05-05 18:00:00,weekday,135.36,49.67,185.03,150.0,True
8960145b48fffff,2026-05-05 19:00:00,weekday,143.3,43.72,187.03,150.0,True
8960145b48fffff,2026-05-05 20:00:00,weekday,148.3,75.89,224.18,150.0,True
8960145b48fffff,2026-05-05 21:00:00,weekday,150.0,76.02,226.02,150.0,True
8960145b48fffff,2026-05-05 22:00:00,weekday,148.3,65.32,213.62,150.0,True
8960145b48fffff,2026-05-05 23:00:00,weekday,143.3,0.0,143.3,150.0,False
8960145b48fffff,2026-05-06 00:00:00,weekday,135.36,0.0,135.36,150.0,False
8960145b48fffff,2026-05-06 01:00:00,weekday,125.0,0.0,125.0,150.0,False
8960145b48fffff,2026-05-06 02:00:00,weekday,112.94,0.0,112.94,150.0,False
8960145b48fffff,2026-05-06 03:00:00,weekday,100.0,0.0,100.0,150.0,False
8960145b48fffff,2026-05-06 04:00:00,weekday,87.06,0.0,87.06,150.0,False
8960145b48fffff,2026-05-06 05:00:00,weekday,75.0,0.0,75.0,150.0,False
8960145b48fffff,2026-05-06 06:00:00,weekday,64.64,0.0,64.64,150.0,False
8960145b48fffff,2026-05-06 07:00:00,weekday,56.7,0.0,56.7,150.0,False
8960145b48fffff,2026-05-06 08:00:00,weekday,51.7,0.0,51.7,150.0,False
8960145b48fffff,2026-05-06 09:00:00,weekday,50.0,0.0,50.0,150.0,False
8960145b48fffff,2026-05-06 10:00:00,weekday,51.7,0.0,51.7,150.0,False
8960145b48fffff,2026-05-06 11:00:00,weekday,56.7,0.0,56.7,150.0,False
8960145b48fffff,2026-05-06 12:00:00,weekday,64.64,0.0,64.64,150.0,False
8960145b48fffff,2026-05-06 13:00:00,weekday,75.0,0.0,75.0,150.0,False
8960145b48fffff,2026-05-06 14:00:00,weekday,87.06,0.0,87.06,150.0,False
8960145b48fffff,2026-05-06 15:00:00,weekday,100.0,0.0,100.0,150.0,False
8960145b48fffff,2026-05-06 16:00:00,weekday,112.94,0.0,112.94,150.0,False
8960145b48fffff,2026-05-06 17:00:00,weekday,125.0,0.0,125.0,150.0,False
8960145b48fffff,2026-05-06 18:00:00,weekday,135.36,53.56,188.92,150.0,True
8960145b48fffff,2026-05-06 19:00:00,weekday,143.3,53.97,197.27,150.0,True
8960145b48fffff,2026-05-06 20:00:00,weekday,148.3,69.04,217.33,150.0,True
8960145b48fffff,2026-05-06 21:00:00,weekday,150.0,75.88,225.88,150.0,True
8960145b48fffff,2026-05-06 22:00:00,weekday,148.3,75.48,223.78,150.0,True
8960145b48fffff,2026-05-06 23:00:00,weekday,143.3,0.0,143.3,150.0,False
8960145b48fffff,2026-05-07 00:00:00,weekday,135.36,0.0,135.36,150.0,False
8960145b48fffff,2026-05-07 01:00:00,weekday,125.0,0.0,125.0,150.0,False
8960145b48fffff,2026-05-07 02:00:00,weekday,112.94,0.0,112.94,150.0,False
8960145b48fffff,2026-05-07 03:00:00,weekday,100.0,0.0,100.0,150.0,False
8960145b48fffff,2026-05-07 04:00:00,weekday,87.06,0.0,87.06,150.0,False
8960145b48fffff,2026-05-07 05:00:00,weekday,75.0,0.0,75.0,150.0,False
8960145b48fffff,2026-05-07 06:00:00,weekday,64.64,0.0,64.64,150.0,False
8960145b48fffff,2026-05-07 07:00:00,weekday,56.7,0.0,56.7,150.0,False
8960145b48fffff,2026-05-07 08:00:00,weekday,51.7,0.0,51.7,150.0,False
8960145b48fffff,2026-05-07 09:00:00,weekday,50.0,0.0,50.0,150.0,False
8960145b48fffff,2026-05-07 10:00:00,weekday,51.7,0.0,51.7,150.0,False
8960145b48fffff,2026-05-07 11:00:00,weekday,56.7,0.0,56.7,150.0,False
8960145b48fffff,2026-05-07 12:00:00,weekday,64.64,0.0,64.64,150.0,False
8960145b48fffff,2026-05-07 13:00:00,weekday,75.0,0.0,75.0,150.0,False
8960145b48fffff,2026-05-07 14:00:00,weekday,87.06,0.0,87.06,150.0,False
8960145b48fffff,2026-05-07 15:00:00,weekday,100.0,0.0,100.0,150.0,False
8960145b48fffff,2026-05-07 16:00:00,weekday,112.94,0.0,112.94,150.0,False
8960145b48fffff,2026-05-07 17:00:00,weekday,125.0,0.0,125.0,150.0,False
8960145b48fffff,2026-05-07 18:00:00,weekday,135.36,71.2,206.55,150.0,True
8960145b48fffff,2026-05-07 19:00:00,weekday,143.3,65.68,208.98,150.0,True
8960145b48fffff,2026-05-07 20:00:00,weekday,148.3,43.37,191.66,150.0,True
8960145b48fffff,2026-05-07 21:00:00,weekday,150.0,46.47,196.47,150.0,True
8960145b48fffff,2026-05-07 22:00:00,weekday,148.3,75.94,224.24,150.0,True
8960145b48fffff,2026-05-07 23:00:00,weekday,143.3,0.0,143.3,150.0,False
8960145b487ffff,2026-05-01 00:00:00,weekday,135.36,0.0,135.36,150.0,False
8960145b487ffff,2026-05-01 01:00:00,weekday,125.0,0.0,125.0,150.0,False
8960145b487ffff,2026-05-01 02:00:00,weekday,112.94,0.0,112.94,150.0,False
8960145b487ffff,2026-05-01 03:00:00,weekday,100.0,0.0,100.0,150.0,False
8960145b487ffff,2026-05-01 04:00:00,weekday,87.06,0.0,87.06,150.0,False
8960145b487ffff,2026-05-01 05:00:00,weekday,75.0,0.0,75.0,150.0,False
8960145b487ffff,2026-05-01 06:00:00,weekday,64.64,0.0,64.64,150.0,False
8960145b487ffff,2026-05-01 07:00:00,weekday,56.7,0.0,56.7,150.0,False
8960145b487ffff,2026-05-01 08:00:00,weekday,51.7,0.0,51.7,150.0,False
8960145b487ffff,2026-05-01 09:00:00,weekday,50.0,0.0,50.0,150.0,False
8960145b487ffff,2026-05-01 10:00:00,weekday,51.7,0.0,51.7,150.0,False
8960145b487ffff,2026-05-01 11:00:00,weekday,56.7,0.0,56.7,150.0,False
8960145b487ffff,2026-05-01 12:00:00,weekday,64.64,0.0,64.64,150.0,False
8960145b487ffff,2026-05-01 13:00:00,weekday,75.0,0.0,75.0,150.0,False
8960145b487ffff,2026-05-01 14:00:00,weekday,87.06,0.0,87.06,150.0,False
8960145b487ffff,2026-05-01 15:00:00,weekday,100.0,0.0,100.0,150.0,False
8960145b487ffff,2026-05-01 16:00:00,weekday,112.94,0.0,112.94,150.0,False
8960145b487ffff,2026-05-01 17:00:00,weekday,125.0,0.0,125.0,150.0,False
8960145b487ffff,2026-05-01 18:00:00,weekday,135.36,64.26,199.61,150.0,True
8960145b487ffff,2026-05-01 19:00:00,weekday,143.3,40.37,183.67,150.0,True
8960145b487ffff,2026-05-01 20:00:00,weekday,148.3,44.06,192.36,150.0,True
8960145b487ffff,2026-05-01 21:00:00,weekday,150.0,66.54,216.54,150.0,True
8960145b487ffff,2026-05-01 22:00:00,weekday,148.3,40.2,188.5,150.0,True
8960145b487ffff,2026-05-01 23:00:00,weekday,143.3,0.0,143.3,150.0,False
8960145b487ffff,2026-05-02 00:00:00,weekend,126.5,0.0,126.5,150.0,False
8960145b487ffff,2026-05-02 01:00:00,weekend,118.54,0.0,118.54,150.0,False
8960145b487ffff,2026-05-02 02:00:00,weekend,110.0,0.0,110.0,150.0,False
8960145b487ffff,2026-05-02 03:00:00,weekend,101.46,0.0,101.46,150.0,False
8960145b487ffff,2026-05-02 04:00:00,weekend,93.5,0.0,93.5,150.0,False
8960145b487ffff,2026-05-02 05:00:00,weekend,86.67,0.0,86.67,150.0,False
8960145b487ffff,2026-05-02 06:00:00,weekend,81.42,0.0,81.42,150.0,False
8960145b487ffff,2026-05-02 07:00:00,weekend,78.12,0.0,78.12,150.0,False
8960145b487ffff,2026-05-02 08:00:00,weekend,77.0,0.0,77.0,150.0,False
8960145b487ffff,2026-05-02 09:00:00,weekend,78.12,0.0,78.12,150.0,False
8960145b487ffff,2026-05-02 10:00:00,weekend,81.42,34.82,116.25,150.0,False
8960145b487ffff,2026-05-02 11:00:00,weekend,86.67,46.46,133.13,150.0,False
8960145b487ffff,2026-05-02 12:00:00,weekend,93.5,50.76,144.26,150.0,False
8960145b487ffff,2026-05-02 13:00:00,weekend,101.46,49.56,151.02,150.0,True
8960145b487ffff,2026-05-02 14:00:00,weekend,110.0,36.73,146.73,150.0,False
8960145b487ffff,2026-05-02 15:00:00,weekend,118.54,51.37,169.91,150.0,True
8960145b487ffff,2026-05-02 16:00:00,weekend,126.5,37.12,163.62,150.0,True
8960145b487ffff,2026-05-02 17:00:00,weekend,133.33,39.76,173.1,150.0,True
8960145b487ffff,2026-05-02 18:00:00,weekend,138.58,52.39,190.97,150.0,True
8960145b487ffff,2026-05-02 19:00:00,weekend,141.88,49.49,191.36,150.0,True
8960145b487ffff,2026-05-02 20:00:00,weekend,143.0,55.48,198.48,150.0,True
8960145b487ffff,2026-05-02 21:00:00,weekend,141.88,49.73,191.6,150.0,True
8960145b487ffff,2026-05-02 22:00:00,weekend,138.58,47.05,185.63,150.0,True
8960145b487ffff,2026-05-02 23:00:00,weekend,133.33,0.0,133.33,150.0,False
8960145b487ffff,2026-05-03 00:00:00,weekend,126.5,0.0,126.5,150.0,False
8960145b487ffff,2026-05-03 01:00:00,weekend,118.54,0.0,118.54,150.0,False
8960145b487ffff,2026-05-03 02:00:00,weekend,110.0,0.0,110.0,150.0,False
8960145b487ffff,2026-05-03 03:00:00,weekend,101.46,0.0,101.46,150.0,False
8960145b487ffff,2026-05-03 04:00:00,weekend,93.5,0.0,93.5,150.0,False
8960145b487ffff,2026-05-03 05:00:00,weekend,86.67,0.0,86.67,150.0,False
8960145b487ffff,2026-05-03 06:00:00,weekend,81.42,0.0,81.42,150.0,False
8960145b487ffff,2026-05-03 07:00:00,weekend,78.12,0.0,78.12,150.0,False
8960145b487ffff,2026-05-03 08:00:00,weekend,77.0,0.0,77.0,150.0,False
8960145b487ffff,2026-05-03 09:00:00,weekend,78.12,0.0,78.12,150.0,False
8960145b487ffff,2026-05-03 10:00:00,weekend,81.42,32.81,114.23,150.0,False
8960145b487ffff,2026-05-03 11:00:00,weekend,86.67,41.03,127.7,150.0,False
8960145b487ffff,2026-05-03 12:00:00,weekend,93.5,37.96,131.46,150.0,False
8960145b487ffff,2026-05-03 13:00:00,weekend,101.46,37.32,138.78,150.0,False
8960145b487ffff,2026-05-03 14:00:00,weekend,110.0,59.19,169.19,150.0,True
8960145b487ffff,2026-05-03 15:00:00,weekend,118.54,41.79,160.33,150.0,True
8960145b487ffff,2026-05-03 16:00:00,weekend,126.5,56.76,183.26,150.0,True
8960145b487ffff,2026-05-03 17:00:00,weekend,133.33,48.93,182.27,150.0,True
8960145b487ffff,2026-05-03 18:00:00,weekend,138.58,53.84,192.42,150.0,True
8960145b487ffff,2026-05-03 19:00:00,weekend,141.88,45.08,186.95,150.0,True
8960145b487ffff,2026-05-03 20:00:00,weekend,143.0,47.31,190.31,150.0,True
8960145b487ffff,2026-05-03 21:00:00,weekend,141.88,44.78,186.65,150.0,True
8960145b487ffff,2026-05-03 22:00:00,weekend,138.58,35.86,174.44,150.0,True
8960145b487ffff,2026-05-03 23:00:00,weekend,133.33,0.0,133.33,150.0,False
8960145b487ffff,2026-05-04 00:00:00,weekday,135.36,0.0,135.36,150.0,False
8960145b487ffff,2026-05-04 01:00:00,weekday,125.0,0.0,125.0,150.0,False
8960145b487ffff,2026-05-04 02:00:00,weekday,112.94,0.0,112.94,150.0,False
8960145b487ffff,2026-05-04 03:00:00,weekday,100.0,0.0,100.0,150.0,False
8960145b487ffff,2026-05-04 04:00:00,weekday,87.06,0.0,87.06,150.0,False
8960145b487ffff,2026-05-04 05:00:00,weekday,75.0,0.0,75.0,150.0,False
8960145b487ffff,2026-05-04 06:00:00,weekday,64.64,0.0,64.64,150.0,False
8960145b487ffff,2026-05-04 07:00:00,weekday,56.7,0.0,56.7,150.0,False
8960145b487ffff,2026-05-04 08:00:00,weekday,51.7,0.0,51.7,150.0,False
8960145b487ffff,2026-05-04 09:00:00,weekday,50.0,0.0,50.0,150.0,False
8960145b487ffff,2026-05-04 10:00:00,weekday,51.7,0.0,51.7,150.0,False
8960145b487ffff,2026-05-04 11:00:00,weekday,56.7,0.0,56.7,150.0,False
8960145b487ffff,2026-05-04 12:00:00,weekday,64.64,0.0,64.64,150.0,False
8960145b487ffff,2026-05-04 13:00:00,weekday,75.0,0.0,75.0,150.0,False
8960145b487ffff,2026-05-04 14:00:00,weekday,87.06,0.0,87.06,150.0,False
8960145b487ffff,2026-05-04 15:00:00,weekday,100.0,0.0,100.0,150.0,False
8960145b487ffff,2026-05-04 16:00:00,weekday,112.94,0.0,112.94,150.0,False
8960145b487ffff,2026-05-04 17:00:00,weekday,125.0,0.0,125.0,150.0,False
8960145b487ffff,2026-05-04 18:00:00,weekday,135.36,68.9,204.25,150.0,True
8960145b487ffff,2026-05-04 19:00:00,weekday,143.3,51.23,194.53,150.0,True
8960145b487ffff,2026-05-04 20:00:00,weekday,148.3,40.97,189.27,150.0,True
8960145b487ffff,2026-05-04 21:00:00,weekday,150.0,65.82,215.82,150.0,True
8960145b487ffff,2026-05-04 22:00:00,weekday,148.3,47.08,195.38,150.0,True
8960145b487ffff,2026-05-04 23:00:00,weekday,143.3,0.0,143.3,150.0,False
8960145b487ffff,2026-05-05 00:00:00,weekday,135.36,0.0,135.36,150.0,False
8960145b487ffff,2026-05-05 01:00:00,weekday,125.0,0.0,125.0,150.0,False
8960145b487ffff,2026-05-05 02:00:00,weekday,112.94,0.0,112.94,150.0,False
8960145b487ffff,2026-05-05 03:00:00,weekday,100.0,0.0,100.0,150.0,False
8960145b487ffff,2026-05-05 04:00:00,weekday,87.06,0.0,87.06,150.0,False
8960145b487ffff,2026-05-05 05:00:00,weekday,75.0,0.0,75.0,150.0,False
8960145b487ffff,2026-05-05 06:00:00,weekday,64.64,0.0,64.64,150.0,False
8960145b487ffff,2026-05-05 07:00:00,weekday,56.7,0.0,56.7,150.0,False
8960145b487ffff,2026-05-05 08:00:00,weekday,51.7,0.0,51.7,150.0,False
8960145b487ffff,2026-05-05 09:00:00,weekday,50.0,0.0,50.0,150.0,False
8960145b487ffff,2026-05-05 10:00:00,weekday,51.7,0.0,51.7,150.0,False
8960145b487ffff,2026-05-05 11:00:00,weekday,56.7,0.0,56.7,150.0,False
8960145b487ffff,2026-05-05 12:00:00,weekday,64.64,0.0,64.64,150.0,False
8960145b487ffff,2026-05-05 13:00:00,weekday,75.0,0.0,75.0,150.0,False
8960145b487ffff,2026-05-05 14:00:00,weekday,87.06,0.0,87.06,150.0,False
8960145b487ffff,2026-05-05 15:00:00,weekday,100.0,0.0,100.0,150.0,False
8960145b487ffff,2026-05-05 16:00:00,weekday,112.94,0.0,112.94,150.0,False
8960145b487ffff,2026-05-05 17:00:00,weekday,125.0,0.0,125.0,150.0,False
8960145b487ffff,2026-05-05 18:00:00,weekday,135.36,77.62,212.97,150.0,True
8960145b487ffff,2026-05-05 19:00:00,weekday,143.3,78.16,221.46,150.0,True
8960145b487ffff,2026-05-05 20:00:00,weekday,148.3,76.59,224.89,150.0,True
8960145b487ffff,2026-05-05 21:00:00,weekday,150.0,54.81,204.81,150.0,True
8960145b487ffff,2026-05-05 22:00:00,weekday,148.3,40.62,188.91,150.0,True
8960145b487ffff,2026-05-05 23:00:00,weekday,143.3,0.0,143.3,150.0,False
8960145b487ffff,2026-05-06 00:00:00,weekday,135.36,0.0,135.36,150.0,False
8960145b487ffff,2026-05-06 01:00:00,weekday,125.0,0.0,125.0,150.0,False
8960145b487ffff,2026-05-06 02:00:00,weekday,112.94,0.0,112.94,150.0,False
8960145b487ffff,2026-05-06 03:00:00,weekday,100.0,0.0,100.0,150.0,False
8960145b487ffff,2026-05-06 04:00:00,weekday,87.06,0.0,87.06,150.0,False
8960145b487ffff,2026-05-06 05:00:00,weekday,75.0,0.0,75.0,150.0,False
8960145b487ffff,2026-05-06 06:00:00,weekday,64.64,0.0,64.64,150.0,False
8960145b487ffff,2026-05-06 07:00:00,weekday,56.7,0.0,56.7,150.0,False
8960145b487ffff,2026-05-06 08:00:00,weekday,51.7,0.0,51.7,150.0,False
8960145b487ffff,2026-05-06 09:00:00,weekday,50.0,0.0,50.0,150.0,False
8960145b487ffff,2026-05-06 10:00:00,weekday,51.7,0.0,51.7,150.0,False
8960145b487ffff,2026-05-06 11:00:00,weekday,56.7,0.0,56.7,150.0,False
8960145b487ffff,2026-05-06 12:00:00,weekday,64.64,0.0,64.64,150.0,False
8960145b487ffff,2026-05-06 13:00:00,weekday,75.0,0.0,75.0,150.0,False
8960145b487ffff,2026-05-06 14:00:00,weekday,87.06,0.0,87.06,150.0,False
8960145b487ffff,2026-05-06 15:00:00,weekday,100.0,0.0,100.0,150.0,False
8960145b487ffff,2026-05-06 16:00:00,weekday,112.94,0.0,112.94,150.0,False
8960145b487ffff,2026-05-06 17:00:00,weekday,125.0,0.0,125.0,150.0,False
8960145b487ffff,2026-05-06 18:00:00,weekday,135.36,77.13,212.49,150.0,True
8960145b487ffff,2026-05-06 19:00:00,weekday,143.3,57.13,200.43,150.0,True
8960145b487ffff,2026-05-06 20:00:00,weekday,148.3,78.67,226.96,150.0,True
8960145b487ffff,2026-05-06 21:00:00,weekday,150.0,78.54,228.54,150.0,True
8960145b487ffff,2026-05-06 22:00:00,weekday,148.3,74.12,222.42,150.0,True
8960145b487ffff,2026-05-06 23:00:00,weekday,143.3,0.0,143.3,150.0,False
8960145b487ffff,2026-05-07 00:00:00,weekday,135.36,0.0,135.36,150.0,False
8960145b487ffff,2026-05-07 01:00:00,weekday,125.0,0.0,125.0,150.0,False
8960145b487ffff,2026-05-07 02:00:00,weekday,112.94,0.0,112.94,150.0,False
8960145b487ffff,2026-05-07 03:00:00,weekday,100.0,0.0,100.0,150.0,False
8960145b487ffff,2026-05-07 04:00:00,weekday,87.06,0.0,87.06,150.0,False
8960145b487ffff,2026-05-07 05:00:00,weekday,75.0,0.0,75.0,150.0,False
8960145b487ffff,2026-05-07 06:00:00,weekday,64.64,0.0,64.64,150.0,False
8960145b487ffff,2026-05-07 07:00:00,weekday,56.7,0.0,56.7,150.0,False
8960145b487ffff,2026-05-07 08:00:00,weekday,51.7,0.0,51.7,150.0,False
8960145b487ffff,2026-05-07 09:00:00,weekday,50.0,0.0,50.0,150.0,False
8960145b487ffff,2026-05-07 10:00:00,weekday,51.7,0.0,51.7,150.0,False
8960145b487ffff,2026-05-07 11:00:00,weekday,56.7,0.0,56.7,150.0,False
8960145b487ffff,2026-05-07 12:00:00,weekday,64.64,0.0,64.64,150.0,False
8960145b487ffff,2026-05-07 13:00:00,weekday,75.0,0.0,75.0,150.0,False
8960145b487ffff,2026-05-07 14:00:00,weekday,87.06,0.0,87.06,150.0,False
8960145b487ffff,2026-05-07 15:00:00,weekday,100.0,0.0,100.0,150.0,False
8960145b487ffff,2026-05-07 16:00:00,weekday,112.94,0.0,112.94,150.0,False
8960145b487ffff,2026-05-07 17:00:00,weekday,125.0,0.0,125.0,150.0,False
8960145b487ffff,2026-05-07 18:00:00,weekday,135.36,51.78,187.13,150.0,True
8960145b487ffff,2026-05-07 19:00:00,weekday,143.3,55.4,198.71,150.0,True
8960145b487ffff,2026-05-07 20:00:00,weekday,148.3,74.05,222.34,150.0,True
8960145b487ffff,2026-05-07 21:00:00,weekday,150.0,52.68,202.68,150.0,True
8960145b487ffff,2026-05-07 22:00:00,weekday,148.3,46.78,195.08,150.0,True
8960145b487ffff,2026-05-07 23:00:00,weekday,143.3,0.0,143.3,150.0,False
8960145b497ffff,2026-05-01 00:00:00,weekday,135.36,0.0,135.36,150.0,False
8960145b497ffff,2026-05-01 01:00:00,weekday,125.0,0.0,125.0,150.0,False
8960145b497ffff,2026-05-01 02:00:00,weekday,112.94,0.0,112.94,150.0,False
8960145b497ffff,2026-05-01 03:00:00,weekday,100.0,0.0,100.0,150.0,False
8960145b497ffff,2026-05-01 04:00:00,weekday,87.06,0.0,87.06,150.0,False
8960145b497ffff,2026-05-01 05:00:00,weekday,75.0,0.0,75.0,150.0,False
8960145b497ffff,2026-05-01 06:00:00,weekday,64.64,0.0,64.64,150.0,False
8960145b497ffff,2026-05-01 07:00:00,weekday,56.7,0.0,56.7,150.0,False
8960145b497ffff,2026-05-01 08:00:00,weekday,51.7,0.0,51.7,150.0,False
8960145b497ffff,2026-05-01 09:00:00,weekday,50.0,0.0,50.0,150.0,False
8960145b497ffff,2026-05-01 10:00:00,weekday,51.7,0.0,51.7,150.0,False
8960145b497ffff,2026-05-01 11:00:00,weekday,56.7,0.0,56.7,150.0,False
8960145b497ffff,2026-05-01 12:00:00,weekday,64.64,0.0,64.64,150.0,False
8960145b497ffff,2026-05-01 13:00:00,weekday,75.0,0.0,75.0,150.0,False
8960145b497ffff,2026-05-01 14:00:00,weekday,87.06,0.0,87.06,150.0,False
8960145b497ffff,2026-05-01 15:00:00,weekday,100.0,0.0,100.0,150.0,False
8960145b497ffff,2026-05-01 16:00:00,weekday,112.94,0.0,112.94,150.0,False
8960145b497ffff,2026-05-01 17:00:00,weekday,125.0,0.0,125.0,150.0,False
8960145b497ffff,2026-05-01 18:00:00,weekday,135.36,62.27,197.63,150.0,True
8960145b497ffff,2026-05-01 19:00:00,weekday,143.3,77.45,220.75,150.0,True
8960145b497ffff,2026-05-01 20:00:00,weekday,148.3,67.84,216.14,150.0,True
8960145b497ffff,2026-05-01 21:00:00,weekday,150.0,62.8,212.8,150.0,True
8960145b497ffff,2026-05-01 22:00:00,weekday,148.3,43.89,192.18,150.0,True
8960145b497ffff,2026-05-01 23:00:00,weekday,143.3,0.0,143.3,150.0,False
8960145b497ffff,2026-05-02 00:00:00,weekend,126.5,0.0,126.5,150.0,False
8960145b497ffff,2026-05-02 01:00:00,weekend,118.54,0.0,118.54,150.0,False
8960145b497ffff,2026-05-02 02:00:00,weekend,110.0,0.0,110.0,150.0,False
8960145b497ffff,2026-05-02 03:00:00,weekend,101.46,0.0,101.46,150.0,False
8960145b497ffff,2026-05-02 04:00:00,weekend,93.5,0.0,93.5,150.0,False
8960145b497ffff,2026-05-02 05:00:00,weekend,86.67,0.0,86.67,150.0,False
8960145b497ffff,2026-05-02 06:00:00,weekend,81.42,0.0,81.42,150.0,False
8960145b497ffff,2026-05-02 07:00:00,weekend,78.12,0.0,78.12,150.0,False
8960145b497ffff,2026-05-02 08:00:00,weekend,77.0,0.0,77.0,150.0,False
8960145b497ffff,2026-05-02 09:00:00,weekend,78.12,0.0,78.12,150.0,False
8960145b497ffff,2026-05-02 10:00:00,weekend,81.42,48.45,129.87,150.0,False
8960145b497ffff,2026-05-02 11:00:00,weekend,86.67,59.7,146.37,150.0,False
8960145b497ffff,2026-05-02 12:00:00,weekend,93.5,34.2,127.7,150.0,False
8960145b497ffff,2026-05-02 13:00:00,weekend,101.46,45.55,147.01,150.0,False
8960145b497ffff,2026-05-02 14:00:00,weekend,110.0,56.32,166.32,150.0,True
8960145b497ffff,2026-05-02 15:00:00,weekend,118.54,52.22,170.76,150.0,True
8960145b497ffff,2026-05-02 16:00:00,weekend,126.5,50.91,177.41,150.0,True
8960145b497ffff,2026-05-02 17:00:00,weekend,133.33,51.07,184.41,150.0,True
8960145b497ffff,2026-05-02 18:00:00,weekend,138.58,40.78,179.36,150.0,True
8960145b497ffff,2026-05-02 19:00:00,weekend,141.88,38.81,180.68,150.0,True
8960145b497ffff,2026-05-02 20:00:00,weekend,143.0,54.28,197.28,150.0,True
8960145b497ffff,2026-05-02 21:00:00,weekend,141.88,54.3,196.18,150.0,True
8960145b497ffff,2026-05-02 22:00:00,weekend,138.58,56.01,194.59,150.0,True
8960145b497ffff,2026-05-02 23:00:00,weekend,133.33,0.0,133.33,150.0,False
8960145b497ffff,2026-05-03 00:00:00,weekend,126.5,0.0,126.5,150.0,False
8960145b497ffff,2026-05-03 01:00:00,weekend,118.54,0.0,118.54,150.0,False
8960145b497ffff,2026-05-03 02:00:00,weekend,110.0,0.0,110.0,150.0,False
8960145b497ffff,2026-05-03 03:00:00,weekend,101.46,0.0,101.46,150.0,False
8960145b497ffff,2026-05-03 04:00:00,weekend,93.5,0.0,93.5,150.0,False
8960145b497ffff,2026-05-03 05:00:00,weekend,86.67,0.0,86.67,150.0,False
8960145b497ffff,2026-05-03 06:00:00,weekend,81.42,0.0,81.42,150.0,False
8960145b497ffff,2026-05-03 07:00:00,weekend,78.12,0.0,78.12,150.0,False
8960145b497ffff,2026-05-03 08:00:00,weekend,77.0,0.0,77.0,150.0,False
8960145b497ffff,2026-05-03 09:00:00,weekend,78.12,0.0,78.12,150.0,False
8960145b497ffff,2026-05-03 10:00:00,weekend,81.42,57.4,138.82,150.0,False
8960145b497ffff,2026-05-03 11:00:00,weekend,86.67,45.34,132.01,150.0,False
8960145b497ffff,2026-05-03 12:00:00,weekend,93.5,45.05,138.55,150.0,False
8960145b497ffff,2026-05-03 13:00:00,weekend,101.46,53.95,155.41,150.0,True
8960145b497ffff,2026-05-03 14:00:00,weekend,110.0,49.5,159.5,150.0,True
8960145b497ffff,2026-05-03 15:00:00,weekend,118.54,51.06,169.6,150.0,True
8960145b497ffff,2026-05-03 16:00:00,weekend,126.5,53.87,180.37,150.0,True
8960145b497ffff,2026-05-03 17:00:00,weekend,133.33,56.7,190.03,150.0,True
8960145b497ffff,2026-05-03 18:00:00,weekend,138.58,40.14,178.72,150.0,True
8960145b497ffff,2026-05-03 19:00:00,weekend,141.88,41.27,183.14,150.0,True
8960145b497ffff,2026-05-03 20:00:00,weekend,143.0,32.82,175.82,150.0,True
8960145b497ffff,2026-05-03 21:00:00,weekend,141.88,47.35,189.22,150.0,True
8960145b497ffff,2026-05-03 22:00:00,weekend,138.58,31.08,169.66,150.0,True
8960145b497ffff,2026-05-03 23:00:00,weekend,133.33,0.0,133.33,150.0,False
8960145b497ffff,2026-05-04 00:00:00,weekday,135.36,0.0,135.36,150.0,False
8960145b497ffff,2026-05-04 01:00:00,weekday,125.0,0.0,125.0,150.0,False
8960145b497ffff,2026-05-04 02:00:00,weekday,112.94,0.0,112.94,150.0,False
8960145b497ffff,2026-05-04 03:00:00,weekday,100.0,0.0,100.0,150.0,False
8960145b497ffff,2026-05-04 04:00:00,weekday,87.06,0.0,87.06,150.0,False
8960145b497ffff,2026-05-04 05:00:00,weekday,75.0,0.0,75.0,150.0,False
8960145b497ffff,2026-05-04 06:00:00,weekday,64.64,0.0,64.64,150.0,False
8960145b497ffff,2026-05-04 07:00:00,weekday,56.7,0.0,56.7,150.0,False
8960145b497ffff,2026-05-04 08:00:00,weekday,51.7,0.0,51.7,150.0,False
8960145b497ffff,2026-05-04 09:00:00,weekday,50.0,0.0,50.0,150.0,False
8960145b497ffff,2026-05-04 10:00:00,weekday,51.7,0.0,51.7,150.0,False
8960145b497ffff,2026-05-04 11:00:00,weekday,56.7,0.0,56.7,150.0,False
8960145b497ffff,2026-05-04 12:00:00,weekday,64.64,0.0,64.64,150.0,False
8960145b497ffff,2026-05-04 13:00:00,weekday,75.0,0.0,75.0,150.0,False
8960145b497ffff,2026-05-04 14:00:00,weekday,87.06,0.0,87.06,150.0,False
8960145b497ffff,2026-05-04 15:00:00,weekday,100.0,0.0,100.0,150.0,False
8960145b497ffff,2026-05-04 16:00:00,weekday,112.94,0.0,112.94,150.0,False
8960145b497ffff,2026-05-04 17:00:00,weekday,125.0,0.0,125.0,150.0,False
8960145b497ffff,2026-05-04 18:00:00,weekday,135.36,58.62,193.98,150.0,True
8960145b497ffff,2026-05-04 19:00:00,weekday,143.3,61.71,205.01,150.0,True
8960145b497ffff,2026-05-04 20:00:00,weekday,148.3,51.46,199.76,150.0,True
8960145b497ffff,2026-05-04 21:00:00,weekday,150.0,63.63,213.63,150.0,True
8960145b497ffff,2026-05-04 22:00:00,weekday,148.3,41.22,189.52,150.0,True
8960145b497ffff,2026-05-04 23:00:00,weekday,143.3,0.0,143.3,150.0,False
8960145b497ffff,2026-05-05 00:00:00,weekday,135.36,0.0,135.36,150.0,False
8960145b497ffff,2026-05-05 01:00:00,weekday,125.0,0.0,125.0,150.0,False
8960145b497ffff,2026-05-05 02:00:00,weekday,112.94,0.0,112.94,150.0,False
8960145b497ffff,2026-05-05 03:00:00,weekday,100.0,0.0,100.0,150.0,False
8960145b497ffff,2026-05-05 04:00:00,weekday,87.06,0.0,87.06,150.0,False
8960145b497ffff,2026-05-05 05:00:00,weekday,75.0,0.0,75.0,150.0,False
8960145b497ffff,2026-05-05 06:00:00,weekday,64.64,0.0,64.64,150.0,False
8960145b497ffff,2026-05-05 07:00:00,weekday,56.7,0.0,56.7,150.0,False
8960145b497ffff,2026-05-05 08:00:00,weekday,51.7,0.0,51.7,150.0,False
8960145b497ffff,2026-05-05 09:00:00,weekday,50.0,0.0,50.0,150.0,False
8960145b497ffff,2026-05-05 10:00:00,weekday,51.7,0.0,51.7,150.0,False
8960145b497ffff,2026-05-05 11:00:00,weekday,56.7,0.0,56.7,150.0,False
8960145b497ffff,2026-05-05 12:00:00,weekday,64.64,0.0,64.64,150.0,False
8960145b497ffff,2026-05-05 13:00:00,weekday,75.0,0.0,75.0,150.0,False
8960145b497ffff,2026-05-05 14:00:00,weekday,87.06,0.0,87.06,150.0,False
8960145b497ffff,2026-05-05 15:00:00,weekday,100.0,0.0,100.0,150.0,False
8960145b497ffff,2026-05-05 16:00:00,weekday,112.94,0.0,112.94,150.0,False
8960145b497ffff,2026-05-05 17:00:00,weekday,125.0,0.0,125.0,150.0,False
8960145b497ffff,2026-05-05 18:00:00,weekday,135.36,41.49,176.85,150.0,True
8960145b497ffff,2026-05-05 19:00:00,weekday,143.3,72.9,216.21,150.0,True
8960145b497ffff,2026-05-05 20:00:00,weekday,148.3,54.41,202.7,150.0,True
8960145b497ffff,2026-05-05 21:00:00,weekday,150.0,45.08,195.08,150.0,True
8960145b497ffff,2026-05-05 22:00:00,weekday,148.3,60.89,209.19,150.0,True
8960145b497ffff,2026-05-05 23:00:00,weekday,143.3,0.0,143.3,150.0,False
8960145b497ffff,2026-05-06 00:00:00,weekday,135.36,0.0,135.36,150.0,False
8960145b497ffff,2026-05-06 01:00:00,weekday,125.0,0.0,125.0,150.0,False
8960145b497ffff,2026-05-06 02:00:00,weekday,112.94,0.0,112.94,150.0,False
8960145b497ffff,2026-05-06 03:00:00,weekday,100.0,0.0,100.0,150.0,False
8960145b497ffff,2026-05-06 04:00:00,weekday,87.06,0.0,87.06,150.0,False
8960145b497ffff,2026-05-06 05:00:00,weekday,75.0,0.0,75.0,150.0,False
8960145b497ffff,2026-05-06 06:00:00,weekday,64.64,0.0,64.64,150.0,False
8960145b497ffff,2026-05-06 07:00:00,weekday,56.7,0.0,56.7,150.0,False
8960145b497ffff,2026-05-06 08:00:00,weekday,51.7,0.0,51.7,150.0,False
8960145b497ffff,2026-05-06 09:00:00,weekday,50.0,0.0,50.0,150.0,False
8960145b497ffff,2026-05-06 10:00:00,weekday,51.7,0.0,51.7,150.0,False
8960145b497ffff,2026-05-06 11:00:00,weekday,56.7,0.0,56.7,150.0,False
8960145b497ffff,2026-05-06 12:00:00,weekday,64.64,0.0,64.64,150.0,False
8960145b497ffff,2026-05-06 13:00:00,weekday,75.0,0.0,75.0,150.0,False
8960145b497ffff,2026-05-06 14:00:00,weekday,87.06,0.0,87.06,150.0,False
8960145b497ffff,2026-05-06 15:00:00,weekday,100.0,0.0,100.0,150.0,False
8960145b497ffff,2026-05-06 16:00:00,weekday,112.94,0.0,112.94,150.0,False
8960145b497ffff,2026-05-06 17:00:00,weekday,125.0,0.0,125.0,150.0,False
8960145b497ffff,2026-05-06 18:00:00,weekday,135.36,70.8,206.16,150.0,True
8960145b497ffff,2026-05-06 19:00:00,weekday,143.3,48.63,191.93,150.0,True
8960145b497ffff,2026-05-06 20:00:00,weekday,148.3,64.92,213.21,150.0,True
8960145b497ffff,2026-05-06 21:00:00,weekday,150.0,43.41,193.41,150.0,True
8960145b497ffff,2026-05-06 22:00:00,weekday,148.3,42.07,190.36,150.0,True
8960145b497ffff,2026-05-06 23:00:00,weekday,143.3,0.0,143.3,150.0,False
8960145b497ffff,2026-05-07 00:00:00,weekday,135.36,0.0,135.36,150.0,False
8960145b497ffff,2026-05-07 01:00:00,weekday,125.0,0.0,125.0,150.0,False
8960145b497ffff,2026-05-07 02:00:00,weekday,112.94,0.0,112.94,150.0,False
8960145b497ffff,2026-05-07 03:00:00,weekday,100.0,0.0,100.0,150.0,False
8960145b497ffff,2026-05-07 04:00:00,weekday,87.06,0.0,87.06,150.0,False
8960145b497ffff,2026-05-07 05:00:00,weekday,75.0,0.0,75.0,150.0,False
8960145b497ffff,2026-05-07 06:00:00,weekday,64.64,0.0,64.64,150.0,False
8960145b497ffff,2026-05-07 07:00:00,weekday,56.7,0.0,56.7,150.0,False
8960145b497ffff,2026-05-07 08:00:00,weekday,51.7,0.0,51.7,150.0,False
8960145b497ffff,2026-05-07 09:00:00,weekday,50.0,0.0,50.0,150.0,False
8960145b497ffff,2026-05-07 10:00:00,weekday,51.7,0.0,51.7,150.0,False
8960145b497ffff,2026-05-07 11:00:00,weekday,56.7,0.0,56.7,150.0,False
8960145b497ffff,2026-05-07 12:00:00,weekday,64.64,0.0,64.64,150.0,False
8960145b497ffff,2026-05-07 13:00:00,weekday,75.0,0.0,75.0,150.0,False
8960145b497ffff,2026-05-07 14:00:00,weekday,87.06,0.0,87.06,150.0,False
8960145b497ffff,2026-05-07 15:00:00,weekday,100.0,0.0,100.0,150.0,False
8960145b497ffff,2026-05-07 16:00:00,weekday,112.94,0.0,112.94,150.0,False
8960145b497ffff,2026-05-07 17:00:00,weekday,125.0,0.0,125.0,150.0,False
8960145b497ffff,2026-05-07 18:00:00,weekday,135.36,61.25,196.61,150.0,True
8960145b497ffff,2026-05-07 19:00:00,weekday,143.3,61.63,204.93,150.0,True
8960145b497ffff,2026-05-07 20:00:00,weekday,148.3,65.5,213.79,150.0,True
8960145b497ffff,2026-05-07 21:00:00,weekday,150.0,69.04,219.04,150.0,True
8960145b497ffff,2026-05-07 22:00:00,weekday,148.3,79.03,227.33,150.0,True
8960145b497ffff,2026-05-07 23:00:00,weekday,143.3,0.0,143.3,150.0,False
8960145b493ffff,2026-05-01 00:00:00,weekday,135.36,0.0,135.36,150.0,False
8960145b493ffff,2026-05-01 01:00:00,weekday,125.0,0.0,125.0,150.0,False
8960145b493ffff,2026-05-01 02:00:00,weekday,112.94,0.0,112.94,150.0,False
8960145b493ffff,2026-05-01 03:00:00,weekday,100.0,0.0,100.0,150.0,False
8960145b493ffff,2026-05-01 04:00:00,weekday,87.06,0.0,87.06,150.0,False
8960145b493ffff,2026-05-01 05:00:00,weekday,75.0,0.0,75.0,150.0,False
8960145b493ffff,2026-05-01 06:00:00,weekday,64.64,0.0,64.64,150.0,False
8960145b493ffff,2026-05-01 07:00:00,weekday,56.7,0.0,56.7,150.0,False
8960145b493ffff,2026-05-01 08:00:00,weekday,51.7,0.0,51.7,150.0,False
8960145b493ffff,2026-05-01 09:00:00,weekday,50.0,0.0,50.0,150.0,False
8960145b493ffff,2026-05-01 10:00:00,weekday,51.7,0.0,51.7,150.0,False
8960145b493ffff,2026-05-01 11:00:00,weekday,56.7,0.0,56.7,150.0,False
8960145b493ffff,2026-05-01 12:00:00,weekday,64.64,0.0,64.64,150.0,False
8960145b493ffff,2026-05-01 13:00:00,weekday,75.0,0.0,75.0,150.0,False
8960145b493ffff,2026-05-01 14:00:00,weekday,87.06,0.0,87.06,150.0,False
8960145b493ffff,2026-05-01 15:00:00,weekday,100.0,0.0,100.0,150.0,False
8960145b493ffff,2026-05-01 16:00:00,weekday,112.94,0.0,112.94,150.0,False
8960145b493ffff,2026-05-01 17:00:00,weekday,125.0,0.0,125.0,150.0,False
8960145b493ffff,2026-05-01 18:00:00,weekday,135.36,60.65,196.01,150.0,True
8960145b493ffff,2026-05-01 19:00:00,weekday,143.3,52.92,196.22,150.0,True
8960145b493ffff,2026-05-01 20:00:00,weekday,148.3,71.81,220.1,150.0,True
8960145b493ffff,2026-05-01 21:00:00,weekday,150.0,50.83,200.83,150.0,True
8960145b493ffff,2026-05-01 22:00:00,weekday,148.3,57.56,205.86,150.0,True
8960145b493ffff,2026-05-01 23:00:00,weekday,143.3,0.0,143.3,150.0,False
8960145b493ffff,2026-05-02 00:00:00,weekend,126.5,0.0,126.5,150.0,False
8960145b493ffff,2026-05-02 01:00:00,weekend,118.54,0.0,118.54,150.0,False
8960145b493ffff,2026-05-02 02:00:00,weekend,110.0,0.0,110.0,150.0,False
8960145b493ffff,2026-05-02 03:00:00,weekend,101.46,0.0,101.46,150.0,False
8960145b493ffff,2026-05-02 04:00:00,weekend,93.5,0.0,93.5,150.0,False
8960145b493ffff,2026-05-02 05:00:00,weekend,86.67,0.0,86.67,150.0,False
8960145b493ffff,2026-05-02 06:00:00,weekend,81.42,0.0,81.42,150.0,False
8960145b493ffff,2026-05-02 07:00:00,weekend,78.12,0.0,78.12,150.0,False
8960145b493ffff,2026-05-02 08:00:00,weekend,77.0,0.0,77.0,150.0,False
8960145b493ffff,2026-05-02 09:00:00,weekend,78.12,0.0,78.12,150.0,False
8960145b493ffff,2026-05-02 10:00:00,weekend,81.42,32.35,113.77,150.0,False
8960145b493ffff,2026-05-02 11:00:00,weekend,86.67,30.76,117.43,150.0,False
8960145b493ffff,2026-05-02 12:00:00,weekend,93.5,58.88,152.38,150.0,True
8960145b493ffff,2026-05-02 13:00:00,weekend,101.46,55.08,156.54,150.0,True
8960145b493ffff,2026-05-02 14:00:00,weekend,110.0,50.88,160.88,150.0,True
8960145b493ffff,2026-05-02 15:00:00,weekend,118.54,42.27,160.81,150.0,True
8960145b493ffff,2026-05-02 16:00:00,weekend,126.5,35.2,161.7,150.0,True
8960145b493ffff,2026-05-02 17:00:00,weekend,133.33,34.69,168.03,150.0,True
8960145b493ffff,2026-05-02 18:00:00,weekend,138.58,37.51,176.09,150.0,True
8960145b493ffff,2026-05-02 19:00:00,weekend,141.88,46.48,188.35,150.0,True
8960145b493ffff,2026-05-02 20:00:00,weekend,143.0,51.44,194.44,150.0,True
8960145b493ffff,2026-05-02 21:00:00,weekend,141.88,49.81,191.68,150.0,True
8960145b493ffff,2026-05-02 22:00:00,weekend,138.58,38.4,176.98,150.0,True
8960145b493ffff,2026-05-02 23:00:00,weekend,133.33,0.0,133.33,150.0,False
8960145b493ffff,2026-05-03 00:00:00,weekend,126.5,0.0,126.5,150.0,False
8960145b493ffff,2026-05-03 01:00:00,weekend,118.54,0.0,118.54,150.0,False
8960145b493ffff,2026-05-03 02:00:00,weekend,110.0,0.0,110.0,150.0,False
8960145b493ffff,2026-05-03 03:00:00,weekend,101.46,0.0,101.46,150.0,False
8960145b493ffff,2026-05-03 04:00:00,weekend,93.5,0.0,93.5,150.0,False
8960145b493ffff,2026-05-03 05:00:00,weekend,86.67,0.0,86.67,150.0,False
8960145b493ffff,2026-05-03 06:00:00,weekend,81.42,0.0,81.42,150.0,False
8960145b493ffff,2026-05-03 07:00:00,weekend,78.12,0.0,78.12,150.0,False
8960145b493ffff,2026-05-03 08:00:00,weekend,77.0,0.0,77.0,150.0,False
8960145b493ffff,2026-05-03 09:00:00,weekend,78.12,0.0,78.12,150.0,False
8960145b493ffff,2026-05-03 10:00:00,weekend,81.42,58.65,140.07,150.0,False
8960145b493ffff,2026-05-03 11:00:00,weekend,86.67,52.14,138.8,150.0,False
8960145b493ffff,2026-05-03 12:00:00,weekend,93.5,46.63,140.13,150.0,False
8960145b493ffff,2026-05-03 13:00:00,weekend,101.46,48.35,149.81,150.0,False
8960145b493ffff,2026-05-03 14:00:00,weekend,110.0,42.59,152.59,150.0,True
8960145b493ffff,2026-05-03 15:00:00,weekend,118.54,37.43,155.97,150.0,True
8960145b493ffff,2026-05-03 16:00:00,weekend,126.5,40.68,167.18,150.0,True
8960145b493ffff,2026-05-03 17:00:00,weekend,133.33,52.74,186.07,150.0,True
8960145b493ffff,2026-05-03 18:00:00,weekend,138.58,30.43,169.01,150.0,True
8960145b493ffff,2026-05-03 19:00:00,weekend,141.88,33.48,175.36,150.0,True
8960145b493ffff,2026-05-03 20:00:00,weekend,143.0,31.38,174.38,150.0,True
8960145b493ffff,2026-05-03 21:00:00,weekend,141.88,31.22,173.1,150.0,True
8960145b493ffff,2026-05-03 22:00:00,weekend,138.58,55.66,194.24,150.0,True
8960145b493ffff,2026-05-03 23:00:00,weekend,133.33,0.0,133.33,150.0,False
8960145b493ffff,2026-05-04 00:00:00,weekday,135.36,0.0,135.36,150.0,False
8960145b493ffff,2026-05-04 01:00:00,weekday,125.0,0.0,125.0,150.0,False
8960145b493ffff,2026-05-04 02:00:00,weekday,112.94,0.0,112.94,150.0,False
8960145b493ffff,2026-05-04 03:00:00,weekday,100.0,0.0,100.0,150.0,False
8960145b493ffff,2026-05-04 04:00:00,weekday,87.06,0.0,87.06,150.0,False
8960145b493ffff,2026-05-04 05:00:00,weekday,75.0,0.0,75.0,150.0,False
8960145b493ffff,2026-05-04 06:00:00,weekday,64.64,0.0,64.64,150.0,False
8960145b493ffff,2026-05-04 07:00:00,weekday,56.7,0.0,56.7,150.0,False
8960145b493ffff,2026-05-04 08:00:00,weekday,51.7,0.0,51.7,150.0,False
8960145b493ffff,2026-05-04 09:00:00,weekday,50.0,0.0,50.0,150.0,False
8960145b493ffff,2026-05-04 10:00:00,weekday,51.7,0.0,51.7,150.0,False
8960145b493ffff,2026-05-04 11:00:00,weekday,56.7,0.0,56.7,150.0,False
8960145b493ffff,2026-05-04 12:00:00,weekday,64.64,0.0,64.64,150.0,False
8960145b493ffff,2026-05-04 13:00:00,weekday,75.0,0.0,75.0,150.0,False
8960145b493ffff,2026-05-04 14:00:00,weekday,87.06,0.0,87.06,150.0,False
8960145b493ffff,2026-05-04 15:00:00,weekday,100.0,0.0,100.0,150.0,False
8960145b493ffff,2026-05-04 16:00:00,weekday,112.94,0.0,112.94,150.0,False
8960145b493ffff,2026-05-04 17:00:00,weekday,125.0,0.0,125.0,150.0,False
8960145b493ffff,2026-05-04 18:00:00,weekday,135.36,68.15,203.5,150.0,True
8960145b493ffff,2026-05-04 19:00:00,weekday,143.3,58.97,202.27,150.0,True
8960145b493ffff,2026-05-04 20:00:00,weekday,148.3,43.91,192.21,150.0,True
8960145b493ffff,2026-05-04 21:00:00,weekday,150.0,59.66,209.66,150.0,True
8960145b493ffff,2026-05-04 22:00:00,weekday,148.3,58.94,207.24,150.0,True
8960145b493ffff,2026-05-04 23:00:00,weekday,143.3,0.0,143.3,150.0,False
8960145b493ffff,2026-05-05 00:00:00,weekday,135.36,0.0,135.36,150.0,False
8960145b493ffff,2026-05-05 01:00:00,weekday,125.0,0.0,125.0,150.0,False
8960145b493ffff,2026-05-05 02:00:00,weekday,112.94,0.0,112.94,150.0,False
8960145b493ffff,2026-05-05 03:00:00,weekday,100.0,0.0,100.0,150.0,False
8960145b493ffff,2026-05-05 04:00:00,weekday,87.06,0.0,87.06,150.0,False
8960145b493ffff,2026-05-05 05:00:00,weekday,75.0,0.0,75.0,150.0,False
8960145b493ffff,2026-05-05 06:00:00,weekday,64.64,0.0,64.64,150.0,False
8960145b493ffff,2026-05-05 07:00:00,weekday,56.7,0.0,56.7,150.0,False
8960145b493ffff,2026-05-05 08:00:00,weekday,51.7,0.0,51.7,150.0,False
8960145b493ffff,2026-05-05 09:00:00,weekday,50.0,0.0,50.0,150.0,False
8960145b493ffff,2026-05-05 10:00:00,weekday,51.7,0.0,51.7,150.0,False
8960145b493ffff,2026-05-05 11:00:00,weekday,56.7,0.0,56.7,150.0,False
8960145b493ffff,2026-05-05 12:00:00,weekday,64.64,0.0,64.64,150.0,False
8960145b493ffff,2026-05-05 13:00:00,weekday,75.0,0.0,75.0,150.0,False
8960145b493ffff,2026-05-05 14:00:00,weekday,87.06,0.0,87.06,150.0,False
8960145b493ffff,2026-05-05 15:00:00,weekday,100.0,0.0,100.0,150.0,False
8960145b493ffff,2026-05-05 16:00:00,weekday,112.94,0.0,112.94,150.0,False
8960145b493ffff,2026-05-05 17:00:00,weekday,125.0,0.0,125.0,150.0,False
8960145b493ffff,2026-05-05 18:00:00,weekday,135.36,46.93,182.28,150.0,True
8960145b493ffff,2026-05-05 19:00:00,weekday,143.3,57.35,200.66,150.0,True
8960145b493ffff,2026-05-05 20:00:00,weekday,148.3,55.94,204.24,150.0,True
8960145b493ffff,2026-05-05 21:00:00,weekday,150.0,64.63,214.63,150.0,True
8960145b493ffff,2026-05-05 22:00:00,weekday,148.3,65.4,213.7,150.0,True
8960145b493ffff,2026-05-05 23:00:00,weekday,143.3,0.0,143.3,150.0,False
8960145b493ffff,2026-05-06 00:00:00,weekday,135.36,0.0,135.36,150.0,False
8960145b493ffff,2026-05-06 01:00:00,weekday,125.0,0.0,125.0,150.0,False
8960145b493ffff,2026-05-06 02:00:00,weekday,112.94,0.0,112.94,150.0,False
8960145b493ffff,2026-05-06 03:00:00,weekday,100.0,0.0,100.0,150.0,False
8960145b493ffff,2026-05-06 04:00:00,weekday,87.06,0.0,87.06,150.0,False
8960145b493ffff,2026-05-06 05:00:00,weekday,75.0,0.0,75.0,150.0,False
8960145b493ffff,2026-05-06 06:00:00,weekday,64.64,0.0,64.64,150.0,False
8960145b493ffff,2026-05-06 07:00:00,weekday,56.7,0.0,56.7,150.0,False
8960145b493ffff,2026-05-06 08:00:00,weekday,51.7,0.0,51.7,150.0,False
8960145b493ffff,2026-05-06 09:00:00,weekday,50.0,0.0,50.0,150.0,False
8960145b493ffff,2026-05-06 10:00:00,weekday,51.7,0.0,51.7,150.0,False
8960145b493ffff,2026-05-06 11:00:00,weekday,56.7,0.0,56.7,150.0,False
8960145b493ffff,2026-05-06 12:00:00,weekday,64.64,0.0,64.64,150.0,False
8960145b493ffff,2026-05-06 13:00:00,weekday,75.0,0.0,75.0,150.0,False
8960145b493ffff,2026-05-06 14:00:00,weekday,87.06,0.0,87.06,150.0,False
8960145b493ffff,2026-05-06 15:00:00,weekday,100.0,0.0,100.0,150.0,False
8960145b493ffff,2026-05-06 16:00:00,weekday,112.94,0.0,112.94,150.0,False
8960145b493ffff,2026-05-06 17:00:00,weekday,125.0,0.0,125.0,150.0,False
8960145b493ffff,2026-05-06 18:00:00,weekday,135.36,41.81,177.17,150.0,True
8960145b493ffff,2026-05-06 19:00:00,weekday,143.3,54.98,198.29,150.0,True
8960145b493ffff,2026-05-06 20:00:00,weekday,148.3,65.03,213.33,150.0,True
8960145b493ffff,2026-05-06 21:00:00,weekday,150.0,60.13,210.13,150.0,True
8960145b493ffff,2026-05-06 22:00:00,weekday,148.3,74.26,222.56,150.0,True
8960145b493ffff,2026-05-06 23:00:00,weekday,143.3,0.0,143.3,150.0,False
8960145b493ffff,2026-05-07 00:00:00,weekday,135.36,0.0,135.36,150.0,False
8960145b493ffff,2026-05-07 01:00:00,weekday,125.0,0.0,125.0,150.0,False
8960145b493ffff,2026-05-07 02:00:00,weekday,112.94,0.0,112.94,150.0,False
8960145b493ffff,2026-05-07 03:00:00,weekday,100.0,0.0,100.0,150.0,False
8960145b493ffff,2026-05-07 04:00:00,weekday,87.06,0.0,87.06,150.0,False
8960145b493ffff,2026-05-07 05:00:00,weekday,75.0,0.0,75.0,150.0,False
8960145b493ffff,2026-05-07 06:00:00,weekday,64.64,0.0,64.64,150.0,False
8960145b493ffff,2026-05-07 07:00:00,weekday,56.7,0.0,56.7,150.0,False
8960145b493ffff,2026-05-07 08:00:00,weekday,51.7,0.0,51.7,150.0,False
8960145b493ffff,2026-05-07 09:00:00,weekday,50.0,0.0,50.0,150.0,False
8960145b493ffff,2026-05-07 10:00:00,weekday,51.7,0.0,51.7,150.0,False
8960145b493ffff,2026-05-07 11:00:00,weekday,56.7,0.0,56.7,150.0,False
8960145b493ffff,2026-05-07 12:00:00,weekday,64.64,0.0,64.64,150.0,False
8960145b493ffff,2026-05-07 13:00:00,weekday,75.0,0.0,75.0,150.0,False
8960145b493ffff,2026-05-07 14:00:00,weekday,87.06,0.0,87.06,150.0,False
8960145b493ffff,2026-05-07 15:00:00,weekday,100.0,0.0,100.0,150.0,False
8960145b493ffff,2026-05-07 16:00:00,weekday,112.94,0.0,112.94,150.0,False
8960145b493ffff,2026-05-07 17:00:00,weekday,125.0,0.0,125.0,150.0,False
8960145b493ffff,2026-05-07 18:00:00,weekday,135.36,66.35,201.7,150.0,True
8960145b493ffff,2026-05-07 19:00:00,weekday,143.3,46.52,189.82,150.0,True
8960145b493ffff,2026-05-07 20:00:00,weekday,148.3,42.82,191.12,150.0,True
8960145b493ffff,2026-05-07 21:00:00,weekday,150.0,65.7,215.7,150.0,True
8960145b493ffff,2026-05-07 22:00:00,weekday,148.3,41.06,189.36,150.0,True
8960145b493ffff,2026-05-07 23:00:00,weekday,143.3,0.0,143.3,150.0,False
89618925a67ffff,2026-05-01 00:00:00,weekday,135.36,0.0,135.36,150.0,False
89618925a67ffff,2026-05-01 01:00:00,weekday,125.0,0.0,125.0,150.0,False
89618925a67ffff,2026-05-01 02:00:00,weekday,112.94,0.0,112.94,150.0,False
89618925a67ffff,2026-05-01 03:00:00,weekday,100.0,0.0,100.0,150.0,False
89618925a67ffff,2026-05-01 04:00:00,weekday,87.06,0.0,87.06,150.0,False
89618925a67ffff,2026-05-01 05:00:00,weekday,75.0,0.0,75.0,150.0,False
89618925a67ffff,2026-05-01 06:00:00,weekday,64.64,0.0,64.64,150.0,False
89618925a67ffff,2026-05-01 07:00:00,weekday,56.7,0.0,56.7,150.0,False
89618925a67ffff,2026-05-01 08:00:00,weekday,51.7,0.0,51.7,150.0,False
89618925a67ffff,2026-05-01 09:00:00,weekday,50.0,0.0,50.0,150.0,False
89618925a67ffff,2026-05-01 10:00:00,weekday,51.7,0.0,51.7,150.0,False
89618925a67ffff,2026-05-01 11:00:00,weekday,56.7,0.0,56.7,150.0,False
89618925a67ffff,2026-05-01 12:00:00,weekday,64.64,0.0,64.64,150.0,False
89618925a67ffff,2026-05-01 13:00:00,weekday,75.0,0.0,75.0,150.0,False
89618925a67ffff,2026-05-01 14:00:00,weekday,87.06,0.0,87.06,150.0,False
89618925a67ffff,2026-05-01 15:00:00,weekday,100.0,0.0,100.0,150.0,False
89618925a67ffff,2026-05-01 16:00:00,weekday,112.94,0.0,112.94,150.0,False
89618925a67ffff,2026-05-01 17:00:00,weekday,125.0,0.0,125.0,150.0,False
89618925a67ffff,2026-05-01 18:00:00,weekday,135.36,63.43,198.79,150.0,True
89618925a67ffff,2026-05-01 19:00:00,weekday,143.3,77.61,220.91,150.0,True
89618925a67ffff,2026-05-01 20:00:00,weekday,148.3,63.02,211.32,150.0,True
89618925a67ffff,2026-05-01 21:00:00,weekday,150.0,55.53,205.53,150.0,True
89618925a67ffff,2026-05-01 22:00:00,weekday,148.3,65.73,214.03,150.0,True
89618925a67ffff,2026-05-01 23:00:00,weekday,143.3,0.0,143.3,150.0,False
89618925a67ffff,2026-05-02 00:00:00,weekend,126.5,0.0,126.5,150.0,False
89618925a67ffff,2026-05-02 01:00:00,weekend,118.54,0.0,118.54,150.0,False
89618925a67ffff,2026-05-02 02:00:00,weekend,110.0,0.0,110.0,150.0,False
89618925a67ffff,2026-05-02 03:00:00,weekend,101.46,0.0,101.46,150.0,False
89618925a67ffff,2026-05-02 04:00:00,weekend,93.5,0.0,93.5,150.0,False
89618925a67ffff,2026-05-02 05:00:00,weekend,86.67,0.0,86.67,150.0,False
89618925a67ffff,2026-05-02 06:00:00,weekend,81.42,0.0,81.42,150.0,False
89618925a67ffff,2026-05-02 07:00:00,weekend,78.12,0.0,78.12,150.0,False
89618925a67ffff,2026-05-02 08:00:00,weekend,77.0,0.0,77.0,150.0,False
89618925a67ffff,2026-05-02 09:00:00,weekend,78.12,0.0,78.12,150.0,False
89618925a67ffff,2026-05-02 10:00:00,weekend,81.42,43.75,125.17,150.0,False
89618925a67ffff,2026-05-02 11:00:00,weekend,86.67,46.37,133.03,150.0,False
89618925a67ffff,2026-05-02 12:00:00,weekend,93.5,58.24,151.74,150.0,True
89618925a67ffff,2026-05-02 13:00:00,weekend,101.46,41.58,143.04,150.0,False
89618925a67ffff,2026-05-02 14:00:00,weekend,110.0,58.84,168.84,150.0,True
89618925a67ffff,2026-05-02 15:00:00,weekend,118.54,57.16,175.7,150.0,True
89618925a67ffff,2026-05-02 16:00:00,weekend,126.5,35.87,162.37,150.0,True
89618925a67ffff,2026-05-02 17:00:00,weekend,133.33,32.08,165.42,150.0,True
89618925a67ffff,2026-05-02 18:00:00,weekend,138.58,33.02,171.6,150.0,True
89618925a67ffff,2026-05-02 19:00:00,weekend,141.88,30.55,172.42,150.0,True
89618925a67ffff,2026-05-02 20:00:00,weekend,143.0,32.83,175.83,150.0,True
89618925a67ffff,2026-05-02 21:00:00,weekend,141.88,50.49,192.37,150.0,True
89618925a67ffff,2026-05-02 22:00:00,weekend,138.58,32.14,170.71,150.0,True
89618925a67ffff,2026-05-02 23:00:00,weekend,133.33,0.0,133.33,150.0,False
89618925a67ffff,2026-05-03 00:00:00,weekend,126.5,0.0,126.5,150.0,False
89618925a67ffff,2026-05-03 01:00:00,weekend,118.54,0.0,118.54,150.0,False
89618925a67ffff,2026-05-03 02:00:00,weekend,110.0,0.0,110.0,150.0,False
89618925a67ffff,2026-05-03 03:00:00,weekend,101.46,0.0,101.46,150.0,False
89618925a67ffff,2026-05-03 04:00:00,weekend,93.5,0.0,93.5,150.0,False
89618925a67ffff,2026-05-03 05:00:00,weekend,86.67,0.0,86.67,150.0,False
89618925a67ffff,2026-05-03 06:00:00,weekend,81.42,0.0,81.42,150.0,False
89618925a67ffff,2026-05-03 07:00:00,weekend,78.12,0.0,78.12,150.0,False
89618925a67ffff,2026-05-03 08:00:00,weekend,77.0,0.0,77.0,150.0,False
89618925a67ffff,2026-05-03 09:00:00,weekend,78.12,0.0,78.12,150.0,False
89618925a67ffff,2026-05-03 10:00:00,weekend,81.42,39.57,120.99,150.0,False
89618925a67ffff,2026-05-03 11:00:00,weekend,86.67,55.35,142.01,150.0,False
89618925a67ffff,2026-05-03 12:00:00,weekend,93.5,30.7,124.2,150.0,False
89618925a67ffff,2026-05-03 13:00:00,weekend,101.46,54.43,155.89,150.0,True
89618925a67ffff,2026-05-03 14:00:00,weekend,110.0,38.46,148.46,150.0,False
89618925a67ffff,2026-05-03 15:00:00,weekend,118.54,33.54,152.09,150.0,True
89618925a67ffff,2026-05-03 16:00:00,weekend,126.5,50.9,177.4,150.0,True
89618925a67ffff,2026-05-03 17:00:00,weekend,133.33,48.87,182.2,150.0,True
89618925a67ffff,2026-05-03 18:00:00,weekend,138.58,56.32,194.9,150.0,True
89618925a67ffff,2026-05-03 19:00:00,weekend,141.88,52.05,193.93,150.0,True
89618925a67ffff,2026-05-03 20:00:00,weekend,143.0,54.1,197.1,150.0,True
89618925a67ffff,2026-05-03 21:00:00,weekend,141.88,38.46,180.34,150.0,True
89618925a67ffff,2026-05-03 22:00:00,weekend,138.58,35.32,173.9,150.0,True
89618925a67ffff,2026-05-03 23:00:00,weekend,133.33,0.0,133.33,150.0,False
89618925a67ffff,2026-05-04 00:00:00,weekday,135.36,0.0,135.36,150.0,False
89618925a67ffff,2026-05-04 01:00:00,weekday,125.0,0.0,125.0,150.0,False
89618925a67ffff,2026-05-04 02:00:00,weekday,112.94,0.0,112.94,150.0,False
89618925a67ffff,2026-05-04 03:00:00,weekday,100.0,0.0,100.0,150.0,False
89618925a67ffff,2026-05-04 04:00:00,weekday,87.06,0.0,87.06,150.0,False
89618925a67ffff,2026-05-04 05:00:00,weekday,75.0,0.0,75.0,150.0,False
89618925a67ffff,2026-05-04 06:00:00,weekday,64.64,0.0,64.64,150.0,False
89618925a67ffff,2026-05-04 07:00:00,weekday,56.7,0.0,56.7,150.0,False
89618925a67ffff,2026-05-04 08:00:00,weekday,51.7,0.0,51.7,150.0,False
89618925a67ffff,2026-05-04 09:00:00,weekday,50.0,0.0,50.0,150.0,False
89618925a67ffff,2026-05-04 10:00:00,weekday,51.7,0.0,51.7,150.0,False
89618925a67ffff,2026-05-04 11:00:00,weekday,56.7,0.0,56.7,150.0,False
89618925a67ffff,2026-05-04 12:00:00,weekday,64.64,0.0,64.64,150.0,False
89618925a67ffff,2026-05-04 13:00:00,weekday,75.0,0.0,75.0,150.0,False
89618925a67ffff,2026-05-04 14:00:00,weekday,87.06,0.0,87.06,150.0,False
89618925a67ffff,2026-05-04 15:00:00,weekday,100.0,0.0,100.0,150.0,False
89618925a67ffff,2026-05-04 16:00:00,weekday,112.94,0.0,112.94,150.0,False
89618925a67ffff,2026-05-04 17:00:00,weekday,125.0,0.0,125.0,150.0,False
89618925a67ffff,2026-05-04 18:00:00,weekday,135.36,70.02,205.38,150.0,True
89618925a67ffff,2026-05-04 19:00:00,weekday,143.3,72.27,215.57,150.0,True
89618925a67ffff,2026-05-04 20:00:00,weekday,148.3,79.62,227.92,150.0,True
89618925a67ffff,2026-05-04 21:00:00,weekday,150.0,56.5,206.5,150.0,True
89618925a67ffff,2026-05-04 22:00:00,weekday,148.3,54.88,203.18,150.0,True
89618925a67ffff,2026-05-04 23:00:00,weekday,143.3,0.0,143.3,150.0,False
89618925a67ffff,2026-05-05 00:00:00,weekday,135.36,0.0,135.36,150.0,False
89618925a67ffff,2026-05-05 01:00:00,weekday,125.0,0.0,125.0,150.0,False
89618925a67ffff,2026-05-05 02:00:00,weekday,112.94,0.0,112.94,150.0,False
89618925a67ffff,2026-05-05 03:00:00,weekday,100.0,0.0,100.0,150.0,False
89618925a67ffff,2026-05-05 04:00:00,weekday,87.06,0.0,87.06,150.0,False
89618925a67ffff,2026-05-05 05:00:00,weekday,75.0,0.0,75.0,150.0,False
89618925a67ffff,2026-05-05 06:00:00,weekday,64.64,0.0,64.64,150.0,False
89618925a67ffff,2026-05-05 07:00:00,weekday,56.7,0.0,56.7,150.0,False
89618925a67ffff,2026-05-05 08:00:00,weekday,51.7,0.0,51.7,150.0,False
89618925a67ffff,2026-05-05 09:00:00,weekday,50.0,0.0,50.0,150.0,False
89618925a67ffff,2026-05-05 10:00:00,weekday,51.7,0.0,51.7,150.0,False
89618925a67ffff,2026-05-05 11:00:00,weekday,56.7,0.0,56.7,150.0,False
89618925a67ffff,2026-05-05 12:00:00,weekday,64.64,0.0,64.64,150.0,False
89618925a67ffff,2026-05-05 13:00:00,weekday,75.0,0.0,75.0,150.0,False
89618925a67ffff,2026-05-05 14:00:00,weekday,87.06,0.0,87.06,150.0,False
89618925a67ffff,2026-05-05 15:00:00,weekday,100.0,0.0,100.0,150.0,False
89618925a67ffff,2026-05-05 16:00:00,weekday,112.94,0.0,112.94,150.0,False
89618925a67ffff,2026-05-05 17:00:00,weekday,125.0,0.0,125.0,150.0,False
89618925a67ffff,2026-05-05 18:00:00,weekday,135.36,71.06,206.41,150.0,True
89618925a67ffff,2026-05-05 19:00:00,weekday,143.3,53.63,196.93,150.0,True
89618925a67ffff,2026-05-05 20:00:00,weekday,148.3,77.23,225.53,150.0,True
89618925a67ffff,2026-05-05 21:00:00,weekday,150.0,74.34,224.34,150.0,True
89618925a67ffff,2026-05-05 22:00:00,weekday,148.3,57.16,205.46,150.0,True
89618925a67ffff,2026-05-05 23:00:00,weekday,143.3,0.0,143.3,150.0,False
89618925a67ffff,2026-05-06 00:00:00,weekday,135.36,0.0,135.36,150.0,False
89618925a67ffff,2026-05-06 01:00:00,weekday,125.0,0.0,125.0,150.0,False
89618925a67ffff,2026-05-06 02:00:00,weekday,112.94,0.0,112.94,150.0,False
89618925a67ffff,2026-05-06 03:00:00,weekday,100.0,0.0,100.0,150.0,False
89618925a67ffff,2026-05-06 04:00:00,weekday,87.06,0.0,87.06,150.0,False
89618925a67ffff,2026-05-06 05:00:00,weekday,75.0,0.0,75.0,150.0,False
89618925a67ffff,2026-05-06 06:00:00,weekday,64.64,0.0,64.64,150.0,False
89618925a67ffff,2026-05-06 07:00:00,weekday,56.7,0.0,56.7,150.0,False
89618925a67ffff,2026-05-06 08:00:00,weekday,51.7,0.0,51.7,150.0,False
89618925a67ffff,2026-05-06 09:00:00,weekday,50.0,0.0,50.0,150.0,False
89618925a67ffff,2026-05-06 10:00:00,weekday,51.7,0.0,51.7,150.0,False
89618925a67ffff,2026-05-06 11:00:00,weekday,56.7,0.0,56.7,150.0,False
89618925a67ffff,2026-05-06 12:00:00,weekday,64.64,0.0,64.64,150.0,False
89618925a67ffff,2026-05-06 13:00:00,weekday,75.0,0.0,75.0,150.0,False
89618925a67ffff,2026-05-06 14:00:00,weekday,87.06,0.0,87.06,150.0,False
89618925a67ffff,2026-05-06 15:00:00,weekday,100.0,0.0,100.0,150.0,False
89618925a67ffff,2026-05-06 16:00:00,weekday,112.94,0.0,112.94,150.0,False
89618925a67ffff,2026-05-06 17:00:00,weekday,125.0,0.0,125.0,150.0,False
89618925a67ffff,2026-05-06 18:00:00,weekday,135.36,70.03,205.39,150.0,True
89618925a67ffff,2026-05-06 19:00:00,weekday,143.3,70.18,213.48,150.0,True
89618925a67ffff,2026-05-06 20:00:00,weekday,148.3,44.12,192.42,150.0,True
89618925a67ffff,2026-05-06 21:00:00,weekday,150.0,76.1,226.1,150.0,True
89618925a67ffff,2026-05-06 22:00:00,weekday,148.3,60.21,208.51,150.0,True
89618925a67ffff,2026-05-06 23:00:00,weekday,143.3,0.0,143.3,150.0,False
89618925a67ffff,2026-05-07 00:00:00,weekday,135.36,0.0,135.36,150.0,False
89618925a67ffff,2026-05-07 01:00:00,weekday,125.0,0.0,125.0,150.0,False
89618925a67ffff,2026-05-07 02:00:00,weekday,112.94,0.0,112.94,150.0,False
89618925a67ffff,2026-05-07 03:00:00,weekday,100.0,0.0,100.0,150.0,False
89618925a67ffff,2026-05-07 04:00:00,weekday,87.06,0.0,87.06,150.0,False
89618925a67ffff,2026-05-07 05:00:00,weekday,75.0,0.0,75.0,150.0,False
89618925a67ffff,2026-05-07 06:00:00,weekday,64.64,0.0,64.64,150.0,False
89618925a67ffff,2026-05-07 07:00:00,weekday,56.7,0.0,56.7,150.0,False
89618925a67ffff,2026-05-07 08:00:00,weekday,51.7,0.0,51.7,150.0,False
89618925a67ffff,2026-05-07 09:00:00,weekday,50.0,0.0,50.0,150.0,False
89618925a67ffff,2026-05-07 10:00:00,weekday,51.7,0.0,51.7,150.0,False
89618925a67ffff,2026-05-07 11:00:00,weekday,56.7,0.0,56.7,150.0,False
89618925a67ffff,2026-05-07 12:00:00,weekday,64.64,0.0,64.64,150.0,False
89618925a67ffff,2026-05-07 13:00:00,weekday,75.0,0.0,75.0,150.0,False
89618925a67ffff,2026-05-07 14:00:00,weekday,87.06,0.0,87.06,150.0,False
89618925a67ffff,2026-05-07 15:00:00,weekday,100.0,0.0,100.0,150.0,False
89618925a67ffff,2026-05-07 16:00:00,weekday,112.94,0.0,112.94,150.0,False
89618925a67ffff,2026-05-07 17:00:00,weekday,125.0,0.0,125.0,150.0,False
89618925a67ffff,2026-05-07 18:00:00,weekday,135.36,73.06,208.41,150.0,True
89618925a67ffff,2026-05-07 19:00:00,weekday,143.3,52.8,196.1,150.0,True
89618925a67ffff,2026-05-07 20:00:00,weekday,148.3,75.82,224.12,150.0,True
89618925a67ffff,2026-05-07 21:00:00,weekday,150.0,55.57,205.57,150.0,True
89618925a67ffff,2026-05-07 22:00:00,weekday,148.3,40.43,188.73,150.0,True
89618925a67ffff,2026-05-07 23:00:00,weekday,143.3,0.0,143.3,150.0,False
89618925a6fffff,2026-05-01 00:00:00,weekday,135.36,0.0,135.36,150.0,False
89618925a6fffff,2026-05-01 01:00:00,weekday,125.0,0.0,125.0,150.0,False
89618925a6fffff,2026-05-01 02:00:00,weekday,112.94,0.0,112.94,150.0,False
89618925a6fffff,2026-05-01 03:00:00,weekday,100.0,0.0,100.0,150.0,False
89618925a6fffff,2026-05-01 04:00:00,weekday,87.06,0.0,87.06,150.0,False
89618925a6fffff,2026-05-01 05:00:00,weekday,75.0,0.0,75.0,150.0,False
89618925a6fffff,2026-05-01 06:00:00,weekday,64.64,0.0,64.64,150.0,False
89618925a6fffff,2026-05-01 07:00:00,weekday,56.7,0.0,56.7,150.0,False
89618925a6fffff,2026-05-01 08:00:00,weekday,51.7,0.0,51.7,150.0,False
89618925a6fffff,2026-05-01 09:00:00,weekday,50.0,0.0,50.0,150.0,False
89618925a6fffff,2026-05-01 10:00:00,weekday,51.7,0.0,51.7,150.0,False
89618925a6fffff,2026-05-01 11:00:00,weekday,56.7,0.0,56.7,150.0,False
89618925a6fffff,2026-05-01 12:00:00,weekday,64.64,0.0,64.64,150.0,False
89618925a6fffff,2026-05-01 13:00:00,weekday,75.0,0.0,75.0,150.0,False
89618925a6fffff,2026-05-01 14:00:00,weekday,87.06,0.0,87.06,150.0,False
89618925a6fffff,2026-05-01 15:00:00,weekday,100.0,0.0,100.0,150.0,False
89618925a6fffff,2026-05-01 16:00:00,weekday,112.94,0.0,112.94,150.0,False
89618925a6fffff,2026-05-01 17:00:00,weekday,125.0,0.0,125.0,150.0,False
89618925a6fffff,2026-05-01 18:00:00,weekday,135.36,76.22,211.57,150.0,True
89618925a6fffff,2026-05-01 19:00:00,weekday,143.3,43.65,186.95,150.0,True
89618925a6fffff,2026-05-01 20:00:00,weekday,148.3,52.77,201.07,150.0,True
89618925a6fffff,2026-05-01 21:00:00,weekday,150.0,78.0,228.0,150.0,True
89618925a6fffff,2026-05-01 22:00:00,weekday,148.3,78.02,226.32,150.0,True
89618925a6fffff,2026-05-01 23:00:00,weekday,143.3,0.0,143.3,150.0,False
89618925a6fffff,2026-05-02 00:00:00,weekend,126.5,0.0,126.5,150.0,False
89618925a6fffff,2026-05-02 01:00:00,weekend,118.54,0.0,118.54,150.0,False
89618925a6fffff,2026-05-02 02:00:00,weekend,110.0,0.0,110.0,150.0,False
89618925a6fffff,2026-05-02 03:00:00,weekend,101.46,0.0,101.46,150.0,False
89618925a6fffff,2026-05-02 04:00:00,weekend,93.5,0.0,93.5,150.0,False
89618925a6fffff,2026-05-02 05:00:00,weekend,86.67,0.0,86.67,150.0,False
89618925a6fffff,2026-05-02 06:00:00,weekend,81.42,0.0,81.42,150.0,False
89618925a6fffff,2026-05-02 07:00:00,weekend,78.12,0.0,78.12,150.0,False
89618925a6fffff,2026-05-02 08:00:00,weekend,77.0,0.0,77.0,150.0,False
89618925a6fffff,2026-05-02 09:00:00,weekend,78.12,0.0,78.12,150.0,False
89618925a6fffff,2026-05-02 10:00:00,weekend,81.42,47.2,128.62,150.0,False
89618925a6fffff,2026-05-02 11:00:00,weekend,86.67,48.96,135.62,150.0,False
89618925a6fffff,2026-05-02 12:00:00,weekend,93.5,43.45,136.95,150.0,False
89618925a6fffff,2026-05-02 13:00:00,weekend,101.46,38.8,140.26,150.0,False
89618925a6fffff,2026-05-02 14:00:00,weekend,110.0,39.86,149.86,150.0,False
89618925a6fffff,2026-05-02 15:00:00,weekend,118.54,50.18,168.72,150.0,True
89618925a6fffff,2026-05-02 16:00:00,weekend,126.5,52.57,179.07,150.0,True
89618925a6fffff,2026-05-02 17:00:00,weekend,133.33,53.75,187.08,150.0,True
89618925a6fffff,2026-05-02 18:00:00,weekend,138.58,53.69,192.27,150.0,True
89618925a6fffff,2026-05-02 19:00:00,weekend,141.88,32.74,174.61,150.0,True
89618925a6fffff,2026-05-02 20:00:00,weekend,143.0,44.83,187.83,150.0,True
89618925a6fffff,2026-05-02 21:00:00,weekend,141.88,31.73,173.6,150.0,True
89618925a6fffff,2026-05-02 22:00:00,weekend,138.58,46.49,185.06,150.0,True
89618925a6fffff,2026-05-02 23:00:00,weekend,133.33,0.0,133.33,150.0,False
89618925a6fffff,2026-05-03 00:00:00,weekend,126.5,0.0,126.5,150.0,False
89618925a6fffff,2026-05-03 01:00:00,weekend,118.54,0.0,118.54,150.0,False
89618925a6fffff,2026-05-03 02:00:00,weekend,110.0,0.0,110.0,150.0,False
89618925a6fffff,2026-05-03 03:00:00,weekend,101.46,0.0,101.46,150.0,False
89618925a6fffff,2026-05-03 04:00:00,weekend,93.5,0.0,93.5,150.0,False
89618925a6fffff,2026-05-03 05:00:00,weekend,86.67,0.0,86.67,150.0,False
89618925a6fffff,2026-05-03 06:00:00,weekend,81.42,0.0,81.42,150.0,False
89618925a6fffff,2026-05-03 07:00:00,weekend,78.12,0.0,78.12,150.0,False
89618925a6fffff,2026-05-03 08:00:00,weekend,77.0,0.0,77.0,150.0,False
89618925a6fffff,2026-05-03 09:00:00,weekend,78.12,0.0,78.12,150.0,False
89618925a6fffff,2026-05-03 10:00:00,weekend,81.42,43.25,124.67,150.0,False
89618925a6fffff,2026-05-03 11:00:00,weekend,86.67,56.63,143.3,150.0,False
89618925a6fffff,2026-05-03 12:00:00,weekend,93.5,40.53,134.03,150.0,False
89618925a6fffff,2026-05-03 13:00:00,weekend,101.46,33.51,134.97,150.0,False
89618925a6fffff,2026-05-03 14:00:00,weekend,110.0,34.29,144.29,150.0,False
89618925a6fffff,2026-05-03 15:00:00,weekend,118.54,52.85,171.39,150.0,True
89618925a6fffff,2026-05-03 16:00:00,weekend,126.5,48.55,175.05,150.0,True
89618925a6fffff,2026-05-03 17:00:00,weekend,133.33,33.03,166.37,150.0,True
89618925a6fffff,2026-05-03 18:00:00,weekend,138.58,32.52,171.1,150.0,True
89618925a6fffff,2026-05-03 19:00:00,weekend,141.88,51.03,192.9,150.0,True
89618925a6fffff,2026-05-03 20:00:00,weekend,143.0,32.18,175.18,150.0,True
89618925a6fffff,2026-05-03 21:00:00,weekend,141.88,54.66,196.53,150.0,True
89618925a6fffff,2026-05-03 22:00:00,weekend,138.58,51.19,189.77,150.0,True
89618925a6fffff,2026-05-03 23:00:00,weekend,133.33,0.0,133.33,150.0,False
89618925a6fffff,2026-05-04 00:00:00,weekday,135.36,0.0,135.36,150.0,False
89618925a6fffff,2026-05-04 01:00:00,weekday,125.0,0.0,125.0,150.0,False
89618925a6fffff,2026-05-04 02:00:00,weekday,112.94,0.0,112.94,150.0,False
89618925a6fffff,2026-05-04 03:00:00,weekday,100.0,0.0,100.0,150.0,False
89618925a6fffff,2026-05-04 04:00:00,weekday,87.06,0.0,87.06,150.0,False
89618925a6fffff,2026-05-04 05:00:00,weekday,75.0,0.0,75.0,150.0,False
89618925a6fffff,2026-05-04 06:00:00,weekday,64.64,0.0,64.64,150.0,False
89618925a6fffff,2026-05-04 07:00:00,weekday,56.7,0.0,56.7,150.0,False
89618925a6fffff,2026-05-04 08:00:00,weekday,51.7,0.0,51.7,150.0,False
89618925a6fffff,2026-05-04 09:00:00,weekday,50.0,0.0,50.0,150.0,False
89618925a6fffff,2026-05-04 10:00:00,weekday,51.7,0.0,51.7,150.0,False
89618925a6fffff,2026-05-04 11:00:00,weekday,56.7,0.0,56.7,150.0,False
89618925a6fffff,2026-05-04 12:00:00,weekday,64.64,0.0,64.64,150.0,False
89618925a6fffff,2026-05-04 13:00:00,weekday,75.0,0.0,75.0,150.0,False
89618925a6fffff,2026-05-04 14:00:00,weekday,87.06,0.0,87.06,150.0,False
89618925a6fffff,2026-05-04 15:00:00,weekday,100.0,0.0,100.0,150.0,False
89618925a6fffff,2026-05-04 16:00:00,weekday,112.94,0.0,112.94,150.0,False
89618925a6fffff,2026-05-04 17:00:00,weekday,125.0,0.0,125.0,150.0,False
89618925a6fffff,2026-05-04 18:00:00,weekday,135.36,43.25,178.61,150.0,True
89618925a6fffff,2026-05-04 19:00:00,weekday,143.3,43.39,186.69,150.0,True
89618925a6fffff,2026-05-04 20:00:00,weekday,148.3,79.47,227.76,150.0,True
89618925a6fffff,2026-05-04 21:00:00,weekday,150.0,54.97,204.97,150.0,True
89618925a6fffff,2026-05-04 22:00:00,weekday,148.3,54.83,203.12,150.0,True
89618925a6fffff,2026-05-04 23:00:00,weekday,143.3,0.0,143.3,150.0,False
89618925a6fffff,2026-05-05 00:00:00,weekday,135.36,0.0,135.36,150.0,False
89618925a6fffff,2026-05-05 01:00:00,weekday,125.0,0.0,125.0,150.0,False
89618925a6fffff,2026-05-05 02:00:00,weekday,112.94,0.0,112.94,150.0,False
89618925a6fffff,2026-05-05 03:00:00,weekday,100.0,0.0,100.0,150.0,False
89618925a6fffff,2026-05-05 04:00:00,weekday,87.06,0.0,87.06,150.0,False
89618925a6fffff,2026-05-05 05:00:00,weekday,75.0,0.0,75.0,150.0,False
89618925a6fffff,2026-05-05 06:00:00,weekday,64.64,0.0,64.64,150.0,False
89618925a6fffff,2026-05-05 07:00:00,weekday,56.7,0.0,56.7,150.0,False
89618925a6fffff,2026-05-05 08:00:00,weekday,51.7,0.0,51.7,150.0,False
89618925a6fffff,2026-05-05 09:00:00,weekday,50.0,0.0,50.0,150.0,False
89618925a6fffff,2026-05-05 10:00:00,weekday,51.7,0.0,51.7,150.0,False
89618925a6fffff,2026-05-05 11:00:00,weekday,56.7,0.0,56.7,150.0,False
89618925a6fffff,2026-05-05 12:00:00,weekday,64.64,0.0,64.64,150.0,False
89618925a6fffff,2026-05-05 13:00:00,weekday,75.0,0.0,75.0,150.0,False
89618925a6fffff,2026-05-05 14:00:00,weekday,87.06,0.0,87.06,150.0,False
89618925a6fffff,2026-05-05 15:00:00,weekday,100.0,0.0,100.0,150.0,False
89618925a6fffff,2026-05-05 16:00:00,weekday,112.94,0.0,112.94,150.0,False
89618925a6fffff,2026-05-05 17:00:00,weekday,125.0,0.0,125.0,150.0,False
89618925a6fffff,2026-05-05 18:00:00,weekday,135.36,72.51,207.87,150.0,True
89618925a6fffff,2026-05-05 19:00:00,weekday,143.3,77.89,221.19,150.0,True
89618925a6fffff,2026-05-05 20:00:00,weekday,148.3,79.44,227.74,150.0,True
89618925a6fffff,2026-05-05 21:00:00,weekday,150.0,70.14,220.14,150.0,True
89618925a6fffff,2026-05-05 22:00:00,weekday,148.3,55.05,203.35,150.0,True
89618925a6fffff,2026-05-05 23:00:00,weekday,143.3,0.0,143.3,150.0,False
89618925a6fffff,2026-05-06 00:00:00,weekday,135.36,0.0,135.36,150.0,False
89618925a6fffff,2026-05-06 01:00:00,weekday,125.0,0.0,125.0,150.0,False
89618925a6fffff,2026-05-06 02:00:00,weekday,112.94,0.0,112.94,150.0,False
89618925a6fffff,2026-05-06 03:00:00,weekday,100.0,0.0,100.0,150.0,False
89618925a6fffff,2026-05-06 04:00:00,weekday,87.06,0.0,87.06,150.0,False
89618925a6fffff,2026-05-06 05:00:00,weekday,75.0,0.0,75.0,150.0,False
89618925a6fffff,2026-05-06 06:00:00,weekday,64.64,0.0,64.64,150.0,False
89618925a6fffff,2026-05-06 07:00:00,weekday,56.7,0.0,56.7,150.0,False
89618925a6fffff,2026-05-06 08:00:00,weekday,51.7,0.0,51.7,150.0,False
89618925a6fffff,2026-05-06 09:00:00,weekday,50.0,0.0,50.0,150.0,False
89618925a6fffff,2026-05-06 10:00:00,weekday,51.7,0.0,51.7,150.0,False
89618925a6fffff,2026-05-06 11:00:00,weekday,56.7,0.0,56.7,150.0,False
89618925a6fffff,2026-05-06 12:00:00,weekday,64.64,0.0,64.64,150.0,False
89618925a6fffff,2026-05-06 13:00:00,weekday,75.0,0.0,75.0,150.0,False
89618925a6fffff,2026-05-06 14:00:00,weekday,87.06,0.0,87.06,150.0,False
89618925a6fffff,2026-05-06 15:00:00,weekday,100.0,0.0,100.0,150.0,False
89618925a6fffff,2026-05-06 16:00:00,weekday,112.94,0.0,112.94,150.0,False
89618925a6fffff,2026-05-06 17:00:00,weekday,125.0,0.0,125.0,150.0,False
89618925a6fffff,2026-05-06 18:00:00,weekday,135.36,43.34,178.7,150.0,True
89618925a6fffff,2026-05-06 19:00:00,weekday,143.3,71.09,214.39,150.0,True
89618925a6fffff,2026-05-06 20:00:00,weekday,148.3,62.34,210.63,150.0,True
89618925a6fffff,2026-05-06 21:00:00,weekday,150.0,56.97,206.97,150.0,True
89618925a6fffff,2026-05-06 22:00:00,weekday,148.3,76.25,224.55,150.0,True
89618925a6fffff,2026-05-06 23:00:00,weekday,143.3,0.0,143.3,150.0,False
89618925a6fffff,2026-05-07 00:00:00,weekday,135.36,0.0,135.36,150.0,False
89618925a6fffff,2026-05-07 01:00:00,weekday,125.0,0.0,125.0,150.0,False
89618925a6fffff,2026-05-07 02:00:00,weekday,112.94,0.0,112.94,150.0,False
89618925a6fffff,2026-05-07 03:00:00,weekday,100.0,0.0,100.0,150.0,False
89618925a6fffff,2026-05-07 04:00:00,weekday,87.06,0.0,87.06,150.0,False
89618925a6fffff,2026-05-07 05:00:00,weekday,75.0,0.0,75.0,150.0,False
89618925a6fffff,2026-05-07 06:00:00,weekday,64.64,0.0,64.64,150.0,False
89618925a6fffff,2026-05-07 07:00:00,weekday,56.7,0.0,56.7,150.0,False
89618925a6fffff,2026-05-07 08:00:00,weekday,51.7,0.0,51.7,150.0,False
89618925a6fffff,2026-05-07 09:00:00,weekday,50.0,0.0,50.0,150.0,False
89618925a6fffff,2026-05-07 10:00:00,weekday,51.7,0.0,51.7,150.0,False
89618925a6fffff,2026-05-07 11:00:00,weekday,56.7,0.0,56.7,150.0,False
89618925a6fffff,2026-05-07 12:00:00,weekday,64.64,0.0,64.64,150.0,False
89618925a6fffff,2026-05-07 13:00:00,weekday,75.0,0.0,75.0,150.0,False
89618925a6fffff,2026-05-07 14:00:00,weekday,87.06,0.0,87.06,150.0,False
89618925a6fffff,2026-05-07 15:00:00,weekday,100.0,0.0,100.0,150.0,False
89618925a6fffff,2026-05-07 16:00:00,weekday,112.94,0.0,112.94,150.0,False
89618925a6fffff,2026-05-07 17:00:00,weekday,125.0,0.0,125.0,150.0,False
89618925a6fffff,2026-05-07 18:00:00,weekday,135.36,44.45,179.8,150.0,True
89618925a6fffff,2026-05-07 19:00:00,weekday,143.3,59.71,203.01,150.0,True
89618925a6fffff,2026-05-07 20:00:00,weekday,148.3,40.45,188.75,150.0,True
89618925a6fffff,2026-05-07 21:00:00,weekday,150.0,58.75,208.75,150.0,True
89618925a6fffff,2026-05-07 22:00:00,weekday,148.3,42.25,190.55,150.0,True
89618925a6fffff,2026-05-07 23:00:00,weekday,143.3,0.0,143.3,150.0,False
8960145b4d7ffff,2026-05-01 00:00:00,weekday,135.36,0.0,135.36,150.0,False
8960145b4d7ffff,2026-05-01 01:00:00,weekday,125.0,0.0,125.0,150.0,False
8960145b4d7ffff,2026-05-01 02:00:00,weekday,112.94,0.0,112.94,150.0,False
8960145b4d7ffff,2026-05-01 03:00:00,weekday,100.0,0.0,100.0,150.0,False
8960145b4d7ffff,2026-05-01 04:00:00,weekday,87.06,0.0,87.06,150.0,False
8960145b4d7ffff,2026-05-01 05:00:00,weekday,75.0,0.0,75.0,150.0,False
8960145b4d7ffff,2026-05-01 06:00:00,weekday,64.64,0.0,64.64,150.0,False
8960145b4d7ffff,2026-05-01 07:00:00,weekday,56.7,0.0,56.7,150.0,False
8960145b4d7ffff,2026-05-01 08:00:00,weekday,51.7,0.0,51.7,150.0,False
8960145b4d7ffff,2026-05-01 09:00:00,weekday,50.0,0.0,50.0,150.0,False
8960145b4d7ffff,2026-05-01 10:00:00,weekday,51.7,0.0,51.7,150.0,False
8960145b4d7ffff,2026-05-01 11:00:00,weekday,56.7,0.0,56.7,150.0,False
8960145b4d7ffff,2026-05-01 12:00:00,weekday,64.64,0.0,64.64,150.0,False
8960145b4d7ffff,2026-05-01 13:00:00,weekday,75.0,0.0,75.0,150.0,False
8960145b4d7ffff,2026-05-01 14:00:00,weekday,87.06,0.0,87.06,150.0,False
8960145b4d7ffff,2026-05-01 15:00:00,weekday,100.0,0.0,100.0,150.0,False
8960145b4d7ffff,2026-05-01 16:00:00,weekday,112.94,0.0,112.94,150.0,False
8960145b4d7ffff,2026-05-01 17:00:00,weekday,125.0,0.0,125.0,150.0,False
8960145b4d7ffff,2026-05-01 18:00:00,weekday,135.36,44.75,180.11,150.0,True
8960145b4d7ffff,2026-05-01 19:00:00,weekday,143.3,44.7,188.0,150.0,True
8960145b4d7ffff,2026-05-01 20:00:00,weekday,148.3,65.97,214.26,150.0,True
8960145b4d7ffff,2026-05-01 21:00:00,weekday,150.0,69.84,219.84,150.0,True
8960145b4d7ffff,2026-05-01 22:00:00,weekday,148.3,63.33,211.63,150.0,True
8960145b4d7ffff,2026-05-01 23:00:00,weekday,143.3,0.0,143.3,150.0,False
8960145b4d7ffff,2026-05-02 00:00:00,weekend,126.5,0.0,126.5,150.0,False
8960145b4d7ffff,2026-05-02 01:00:00,weekend,118.54,0.0,118.54,150.0,False
8960145b4d7ffff,2026-05-02 02:00:00,weekend,110.0,0.0,110.0,150.0,False
8960145b4d7ffff,2026-05-02 03:00:00,weekend,101.46,0.0,101.46,150.0,False
8960145b4d7ffff,2026-05-02 04:00:00,weekend,93.5,0.0,93.5,150.0,False
8960145b4d7ffff,2026-05-02 05:00:00,weekend,86.67,0.0,86.67,150.0,False
8960145b4d7ffff,2026-05-02 06:00:00,weekend,81.42,0.0,81.42,150.0,False
8960145b4d7ffff,2026-05-02 07:00:00,weekend,78.12,0.0,78.12,150.0,False
8960145b4d7ffff,2026-05-02 08:00:00,weekend,77.0,0.0,77.0,150.0,False
8960145b4d7ffff,2026-05-02 09:00:00,weekend,78.12,0.0,78.12,150.0,False
8960145b4d7ffff,2026-05-02 10:00:00,weekend,81.42,58.87,140.29,150.0,False
8960145b4d7ffff,2026-05-02 11:00:00,weekend,86.67,41.25,127.91,150.0,False
8960145b4d7ffff,2026-05-02 12:00:00,weekend,93.5,38.57,132.07,150.0,False
8960145b4d7ffff,2026-05-02 13:00:00,weekend,101.46,56.06,157.52,150.0,True
8960145b4d7ffff,2026-05-02 14:00:00,weekend,110.0,36.71,146.71,150.0,False
8960145b4d7ffff,2026-05-02 15:00:00,weekend,118.54,58.9,177.44,150.0,True
8960145b4d7ffff,2026-05-02 16:00:00,weekend,126.5,30.36,156.86,150.0,True
8960145b4d7ffff,2026-05-02 17:00:00,weekend,133.33,59.1,192.43,150.0,True
8960145b4d7ffff,2026-05-02 18:00:00,weekend,138.58,31.29,169.87,150.0,True
8960145b4d7ffff,2026-05-02 19:00:00,weekend,141.88,56.73,198.61,150.0,True
8960145b4d7ffff,2026-05-02 20:00:00,weekend,143.0,45.83,188.83,150.0,True
8960145b4d7ffff,2026-05-02 21:00:00,weekend,141.88,59.79,201.66,150.0,True
8960145b4d7ffff,2026-05-02 22:00:00,weekend,138.58,32.21,170.79,150.0,True
8960145b4d7ffff,2026-05-02 23:00:00,weekend,133.33,0.0,133.33,150.0,False
8960145b4d7ffff,2026-05-03 00:00:00,weekend,126.5,0.0,126.5,150.0,False
8960145b4d7ffff,2026-05-03 01:00:00,weekend,118.54,0.0,118.54,150.0,False
8960145b4d7ffff,2026-05-03 02:00:00,weekend,110.0,0.0,110.0,150.0,False
8960145b4d7ffff,2026-05-03 03:00:00,weekend,101.46,0.0,101.46,150.0,False
8960145b4d7ffff,2026-05-03 04:00:00,weekend,93.5,0.0,93.5,150.0,False
8960145b4d7ffff,2026-05-03 05:00:00,weekend,86.67,0.0,86.67,150.0,False
8960145b4d7ffff,2026-05-03 06:00:00,weekend,81.42,0.0,81.42,150.0,False
8960145b4d7ffff,2026-05-03 07:00:00,weekend,78.12,0.0,78.12,150.0,False
8960145b4d7ffff,2026-05-03 08:00:00,weekend,77.0,0.0,77.0,150.0,False
8960145b4d7ffff,2026-05-03 09:00:00,weekend,78.12,0.0,78.12,150.0,False
8960145b4d7ffff,2026-05-03 10:00:00,weekend,81.42,46.62,128.04,150.0,False
8960145b4d7ffff,2026-05-03 11:00:00,weekend,86.67,59.08,145.74,150.0,False
8960145b4d7ffff,2026-05-03 12:00:00,weekend,93.5,45.69,139.19,150.0,False
8960145b4d7ffff,2026-05-03 13:00:00,weekend,101.46,48.88,150.34,150.0,True
8960145b4d7ffff,2026-05-03 14:00:00,weekend,110.0,50.87,160.87,150.0,True
8960145b4d7ffff,2026-05-03 15:00:00,weekend,118.54,43.64,162.18,150.0,True
8960145b4d7ffff,2026-05-03 16:00:00,weekend,126.5,48.83,175.33,150.0,True
8960145b4d7ffff,2026-05-03 17:00:00,weekend,133.33,47.53,180.86,150.0,True
8960145b4d7ffff,2026-05-03 18:00:00,weekend,138.58,57.03,195.61,150.0,True
8960145b4d7ffff,2026-05-03 19:00:00,weekend,141.88,31.36,173.24,150.0,True
8960145b4d7ffff,2026-05-03 20:00:00,weekend,143.0,38.43,181.43,150.0,True
8960145b4d7ffff,2026-05-03 21:00:00,weekend,141.88,58.51,200.39,150.0,True
8960145b4d7ffff,2026-05-03 22:00:00,weekend,138.58,56.71,195.29,150.0,True
8960145b4d7ffff,2026-05-03 23:00:00,weekend,133.33,0.0,133.33,150.0,False
8960145b4d7ffff,2026-05-04 00:00:00,weekday,135.36,0.0,135.36,150.0,False
8960145b4d7ffff,2026-05-04 01:00:00,weekday,125.0,0.0,125.0,150.0,False
8960145b4d7ffff,2026-05-04 02:00:00,weekday,112.94,0.0,112.94,150.0,False
8960145b4d7ffff,2026-05-04 03:00:00,weekday,100.0,0.0,100.0,150.0,False
8960145b4d7ffff,2026-05-04 04:00:00,weekday,87.06,0.0,87.06,150.0,False
8960145b4d7ffff,2026-05-04 05:00:00,weekday,75.0,0.0,75.0,150.0,False
8960145b4d7ffff,2026-05-04 06:00:00,weekday,64.64,0.0,64.64,150.0,False
8960145b4d7ffff,2026-05-04 07:00:00,weekday,56.7,0.0,56.7,150.0,False
8960145b4d7ffff,2026-05-04 08:00:00,weekday,51.7,0.0,51.7,150.0,False
8960145b4d7ffff,2026-05-04 09:00:00,weekday,50.0,0.0,50.0,150.0,False
8960145b4d7ffff,2026-05-04 10:00:00,weekday,51.7,0.0,51.7,150.0,False
8960145b4d7ffff,2026-05-04 11:00:00,weekday,56.7,0.0,56.7,150.0,False
8960145b4d7ffff,2026-05-04 12:00:00,weekday,64.64,0.0,64.64,150.0,False
8960145b4d7ffff,2026-05-04 13:00:00,weekday,75.0,0.0,75.0,150.0,False
8960145b4d7ffff,2026-05-04 14:00:00,weekday,87.06,0.0,87.06,150.0,False
8960145b4d7ffff,2026-05-04 15:00:00,weekday,100.0,0.0,100.0,150.0,False
8960145b4d7ffff,2026-05-04 16:00:00,weekday,112.94,0.0,112.94,150.0,False
8960145b4d7ffff,2026-05-04 17:00:00,weekday,125.0,0.0,125.0,150.0,False
8960145b4d7ffff,2026-05-04 18:00:00,weekday,135.36,58.23,193.58,150.0,True
8960145b4d7ffff,2026-05-04 19:00:00,weekday,143.3,64.81,208.11,150.0,True
8960145b4d7ffff,2026-05-04 20:00:00,weekday,148.3,51.1,199.39,150.0,True
8960145b4d7ffff,2026-05-04 21:00:00,weekday,150.0,47.52,197.52,150.0,True
8960145b4d7ffff,2026-05-04 22:00:00,weekday,148.3,58.55,206.84,150.0,True
8960145b4d7ffff,2026-05-04 23:00:00,weekday,143.3,0.0,143.3,150.0,False
8960145b4d7ffff,2026-05-05 00:00:00,weekday,135.36,0.0,135.36,150.0,False
8960145b4d7ffff,2026-05-05 01:00:00,weekday,125.0,0.0,125.0,150.0,False
8960145b4d7ffff,2026-05-05 02:00:00,weekday,112.94,0.0,112.94,150.0,False
8960145b4d7ffff,2026-05-05 03:00:00,weekday,100.0,0.0,100.0,150.0,False
8960145b4d7ffff,2026-05-05 04:00:00,weekday,87.06,0.0,87.06,150.0,False
8960145b4d7ffff,2026-05-05 05:00:00,weekday,75.0,0.0,75.0,150.0,False
8960145b4d7ffff,2026-05-05 06:00:00,weekday,64.64,0.0,64.64,150.0,False
8960145b4d7ffff,2026-05-05 07:00:00,weekday,56.7,0.0,56.7,150.0,False
8960145b4d7ffff,2026-05-05 08:00:00,weekday,51.7,0.0,51.7,150.0,False
8960145b4d7ffff,2026-05-05 09:00:00,weekday,50.0,0.0,50.0,150.0,False
8960145b4d7ffff,2026-05-05 10:00:00,weekday,51.7,0.0,51.7,150.0,False
8960145b4d7ffff,2026-05-05 11:00:00,weekday,56.7,0.0,56.7,150.0,False
8960145b4d7ffff,2026-05-05 12:00:00,weekday,64.64,0.0,64.64,150.0,False
8960145b4d7ffff,2026-05-05 13:00:00,weekday,75.0,0.0,75.0,150.0,False
8960145b4d7ffff,2026-05-05 14:00:00,weekday,87.06,0.0,87.06,150.0,False
8960145b4d7ffff,2026-05-05 15:00:00,weekday,100.0,0.0,100.0,150.0,False
8960145b4d7ffff,2026-05-05 16:00:00,weekday,112.94,0.0,112.94,150.0,False
8960145b4d7ffff,2026-05-05 17:00:00,weekday,125.0,0.0,125.0,150.0,False
8960145b4d7ffff,2026-05-05 18:00:00,weekday,135.36,54.13,189.49,150.0,True
8960145b4d7ffff,2026-05-05 19:00:00,weekday,143.3,63.35,206.65,150.0,True
8960145b4d7ffff,2026-05-05 20:00:00,weekday,148.3,43.11,191.41,150.0,True
8960145b4d7ffff,2026-05-05 21:00:00,weekday,150.0,78.98,228.98,150.0,True
8960145b4d7ffff,2026-05-05 22:00:00,weekday,148.3,79.45,227.74,150.0,True
8960145b4d7ffff,2026-05-05 23:00:00,weekday,143.3,0.0,143.3,150.0,False
8960145b4d7ffff,2026-05-06 00:00:00,weekday,135.36,0.0,135.36,150.0,False
8960145b4d7ffff,2026-05-06 01:00:00,weekday,125.0,0.0,125.0,150.0,False
8960145b4d7ffff,2026-05-06 02:00:00,weekday,112.94,0.0,112.94,150.0,False
8960145b4d7ffff,2026-05-06 03:00:00,weekday,100.0,0.0,100.0,150.0,False
8960145b4d7ffff,2026-05-06 04:00:00,weekday,87.06,0.0,87.06,150.0,False
8960145b4d7ffff,2026-05-06 05:00:00,weekday,75.0,0.0,75.0,150.0,False
8960145b4d7ffff,2026-05-06 06:00:00,weekday,64.64,0.0,64.64,150.0,False
8960145b4d7ffff,2026-05-06 07:00:00,weekday,56.7,0.0,56.7,150.0,False
8960145b4d7ffff,2026-05-06 08:00:00,weekday,51.7,0.0,51.7,150.0,False
8960145b4d7ffff,2026-05-06 09:00:00,weekday,50.0,0.0,50.0,150.0,False
8960145b4d7ffff,2026-05-06 10:00:00,weekday,51.7,0.0,51.7,150.0,False
8960145b4d7ffff,2026-05-06 11:00:00,weekday,56.7,0.0,56.7,150.0,False
8960145b4d7ffff,2026-05-06 12:00:00,weekday,64.64,0.0,64.64,150.0,False
8960145b4d7ffff,2026-05-06 13:00:00,weekday,75.0,0.0,75.0,150.0,False
8960145b4d7ffff,2026-05-06 14:00:00,weekday,87.06,0.0,87.06,150.0,False
8960145b4d7ffff,2026-05-06 15:00:00,weekday,100.0,0.0,100.0,150.0,False
8960145b4d7ffff,2026-05-06 16:00:00,weekday,112.94,0.0,112.94,150.0,False
8960145b4d7ffff,2026-05-06 17:00:00,weekday,125.0,0.0,125.0,150.0,False
8960145b4d7ffff,2026-05-06 18:00:00,weekday,135.36,67.93,203.28,150.0,True
8960145b4d7ffff,2026-05-06 19:00:00,weekday,143.3,61.44,204.75,150.0,True
8960145b4d7ffff,2026-05-06 20:00:00,weekday,148.3,52.38,200.68,150.0,True
8960145b4d7ffff,2026-05-06 21:00:00,weekday,150.0,72.55,222.55,150.0,True
8960145b4d7ffff,2026-05-06 22:00:00,weekday,148.3,67.39,215.69,150.0,True
8960145b4d7ffff,2026-05-06 23:00:00,weekday,143.3,0.0,143.3,150.0,False
8960145b4d7ffff,2026-05-07 00:00:00,weekday,135.36,0.0,135.36,150.0,False
8960145b4d7ffff,2026-05-07 01:00:00,weekday,125.0,0.0,125.0,150.0,False
8960145b4d7ffff,2026-05-07 02:00:00,weekday,112.94,0.0,112.94,150.0,False
8960145b4d7ffff,2026-05-07 03:00:00,weekday,100.0,0.0,100.0,150.0,False
8960145b4d7ffff,2026-05-07 04:00:00,weekday,87.06,0.0,87.06,150.0,False
8960145b4d7ffff,2026-05-07 05:00:00,weekday,75.0,0.0,75.0,150.0,False
8960145b4d7ffff,2026-05-07 06:00:00,weekday,64.64,0.0,64.64,150.0,False
8960145b4d7ffff,2026-05-07 07:00:00,weekday,56.7,0.0,56.7,150.0,False
8960145b4d7ffff,2026-05-07 08:00:00,weekday,51.7,0.0,51.7,150.0,False
8960145b4d7ffff,2026-05-07 09:00:00,weekday,50.0,0.0,50.0,150.0,False
8960145b4d7ffff,2026-05-07 10:00:00,weekday,51.7,0.0,51.7,150.0,False
8960145b4d7ffff,2026-05-07 11:00:00,weekday,56.7,0.0,56.7,150.0,False
8960145b4d7ffff,2026-05-07 12:00:00,weekday,64.64,0.0,64.64,150.0,False
8960145b4d7ffff,2026-05-07 13:00:00,weekday,75.0,0.0,75.0,150.0,False
8960145b4d7ffff,2026-05-07 14:00:00,weekday,87.06,0.0,87.06,150.0,False
8960145b4d7ffff,2026-05-07 15:00:00,weekday,100.0,0.0,100.0,150.0,False
8960145b4d7ffff,2026-05-07 16:00:00,weekday,112.94,0.0,112.94,150.0,False
8960145b4d7ffff,2026-05-07 17:00:00,weekday,125.0,0.0,125.0,150.0,False
8960145b4d7ffff,2026-05-07 18:00:00,weekday,135.36,46.5,181.86,150.0,True
8960145b4d7ffff,2026-05-07 19:00:00,weekday,143.3,76.44,219.74,150.0,True
8960145b4d7ffff,2026-05-07 20:00:00,weekday,148.3,72.9,221.2,150.0,True
8960145b4d7ffff,2026-05-07 21:00:00,weekday,150.0,77.99,227.99,150.0,True
8960145b4d7ffff,2026-05-07 22:00:00,weekday,148.3,69.03,217.33,150.0,True
8960145b4d7ffff,2026-05-07 23:00:00,weekday,143.3,0.0,143.3,150.0,False
8960145b4c7ffff,2026-05-01 00:00:00,weekday,135.36,0.0,135.36,150.0,False
8960145b4c7ffff,2026-05-01 01:00:00,weekday,125.0,0.0,125.0,150.0,False
8960145b4c7ffff,2026-05-01 02:00:00,weekday,112.94,0.0,112.94,150.0,False
8960145b4c7ffff,2026-05-01 03:00:00,weekday,100.0,0.0,100.0,150.0,False
8960145b4c7ffff,2026-05-01 04:00:00,weekday,87.06,0.0,87.06,150.0,False
8960145b4c7ffff,2026-05-01 05:00:00,weekday,75.0,0.0,75.0,150.0,False
8960145b4c7ffff,2026-05-01 06:00:00,weekday,64.64,0.0,64.64,150.0,False
8960145b4c7ffff,2026-05-01 07:00:00,weekday,56.7,0.0,56.7,150.0,False
8960145b4c7ffff,2026-05-01 08:00:00,weekday,51.7,0.0,51.7,150.0,False
8960145b4c7ffff,2026-05-01 09:00:00,weekday,50.0,0.0,50.0,150.0,False
8960145b4c7ffff,2026-05-01 10:00:00,weekday,51.7,0.0,51.7,150.0,False
8960145b4c7ffff,2026-05-01 11:00:00,weekday,56.7,0.0,56.7,150.0,False
8960145b4c7ffff,2026-05-01 12:00:00,weekday,64.64,0.0,64.64,150.0,False
8960145b4c7ffff,2026-05-01 13:00:00,weekday,75.0,0.0,75.0,150.0,False
8960145b4c7ffff,2026-05-01 14:00:00,weekday,87.06,0.0,87.06,150.0,False
8960145b4c7ffff,2026-05-01 15:00:00,weekday,100.0,0.0,100.0,150.0,False
8960145b4c7ffff,2026-05-01 16:00:00,weekday,112.94,0.0,112.94,150.0,False
8960145b4c7ffff,2026-05-01 17:00:00,weekday,125.0,0.0,125.0,150.0,False
8960145b4c7ffff,2026-05-01 18:00:00,weekday,135.36,64.54,199.89,150.0,True
8960145b4c7ffff,2026-05-01 19:00:00,weekday,143.3,56.73,200.03,150.0,True
8960145b4c7ffff,2026-05-01 20:00:00,weekday,148.3,77.31,225.61,150.0,True
8960145b4c7ffff,2026-05-01 21:00:00,weekday,150.0,74.64,224.64,150.0,True
8960145b4c7ffff,2026-05-01 22:00:00,weekday,148.3,41.81,190.11,150.0,True
8960145b4c7ffff,2026-05-01 23:00:00,weekday,143.3,0.0,143.3,150.0,False
8960145b4c7ffff,2026-05-02 00:00:00,weekend,126.5,0.0,126.5,150.0,False
8960145b4c7ffff,2026-05-02 01:00:00,weekend,118.54,0.0,118.54,150.0,False
8960145b4c7ffff,2026-05-02 02:00:00,weekend,110.0,0.0,110.0,150.0,False
8960145b4c7ffff,2026-05-02 03:00:00,weekend,101.46,0.0,101.46,150.0,False
8960145b4c7ffff,2026-05-02 04:00:00,weekend,93.5,0.0,93.5,150.0,False
8960145b4c7ffff,2026-05-02 05:00:00,weekend,86.67,0.0,86.67,150.0,False
8960145b4c7ffff,2026-05-02 06:00:00,weekend,81.42,0.0,81.42,150.0,False
8960145b4c7ffff,2026-05-02 07:00:00,weekend,78.12,0.0,78.12,150.0,False
8960145b4c7ffff,2026-05-02 08:00:00,weekend,77.0,0.0,77.0,150.0,False
8960145b4c7ffff,2026-05-02 09:00:00,weekend,78.12,0.0,78.12,150.0,False
8960145b4c7ffff,2026-05-02 10:00:00,weekend,81.42,30.79,112.21,150.0,False
8960145b4c7ffff,2026-05-02 11:00:00,weekend,86.67,41.29,127.96,150.0,False
8960145b4c7ffff,2026-05-02 12:00:00,weekend,93.5,54.32,147.82,150.0,False
8960145b4c7ffff,2026-05-02 13:00:00,weekend,101.46,59.62,161.08,150.0,True
8960145b4c7ffff,2026-05-02 14:00:00,weekend,110.0,34.51,144.51,150.0,False
8960145b4c7ffff,2026-05-02 15:00:00,weekend,118.54,47.82,166.36,150.0,True
8960145b4c7ffff,2026-05-02 16:00:00,weekend,126.5,41.43,167.93,150.0,True
8960145b4c7ffff,2026-05-02 17:00:00,weekend,133.33,59.1,192.43,150.0,True
8960145b4c7ffff,2026-05-02 18:00:00,weekend,138.58,55.26,193.84,150.0,True
8960145b4c7ffff,2026-05-02 19:00:00,weekend,141.88,55.15,197.03,150.0,True
8960145b4c7ffff,2026-05-02 20:00:00,weekend,143.0,44.06,187.06,150.0,True
8960145b4c7ffff,2026-05-02 21:00:00,weekend,141.88,42.44,184.32,150.0,True
8960145b4c7ffff,2026-05-02 22:00:00,weekend,138.58,38.2,176.78,150.0,True
8960145b4c7ffff,2026-05-02 23:00:00,weekend,133.33,0.0,133.33,150.0,False
8960145b4c7ffff,2026-05-03 00:00:00,weekend,126.5,0.0,126.5,150.0,False
8960145b4c7ffff,2026-05-03 01:00:00,weekend,118.54,0.0,118.54,150.0,False
8960145b4c7ffff,2026-05-03 02:00:00,weekend,110.0,0.0,110.0,150.0,False
8960145b4c7ffff,2026-05-03 03:00:00,weekend,101.46,0.0,101.46,150.0,False
8960145b4c7ffff,2026-05-03 04:00:00,weekend,93.5,0.0,93.5,150.0,False
8960145b4c7ffff,2026-05-03 05:00:00,weekend,86.67,0.0,86.67,150.0,False
8960145b4c7ffff,2026-05-03 06:00:00,weekend,81.42,0.0,81.42,150.0,False
8960145b4c7ffff,2026-05-03 07:00:00,weekend,78.12,0.0,78.12,150.0,False
8960145b4c7ffff,2026-05-03 08:00:00,weekend,77.0,0.0,77.0,150.0,False
8960145b4c7ffff,2026-05-03 09:00:00,weekend,78.12,0.0,78.12,150.0,False
8960145b4c7ffff,2026-05-03 10:00:00,weekend,81.42,31.69,113.11,150.0,False
8960145b4c7ffff,2026-05-03 11:00:00,weekend,86.67,55.94,142.61,150.0,False
8960145b4c7ffff,2026-05-03 12:00:00,weekend,93.5,54.39,147.89,150.0,False
8960145b4c7ffff,2026-05-03 13:00:00,weekend,101.46,59.99,161.45,150.0,True
8960145b4c7ffff,2026-05-03 14:00:00,weekend,110.0,59.9,169.9,150.0,True
8960145b4c7ffff,2026-05-03 15:00:00,weekend,118.54,46.66,165.2,150.0,True
8960145b4c7ffff,2026-05-03 16:00:00,weekend,126.5,53.07,179.57,150.0,True
8960145b4c7ffff,2026-05-03 17:00:00,weekend,133.33,58.34,191.68,150.0,True
8960145b4c7ffff,2026-05-03 18:00:00,weekend,138.58,55.49,194.07,150.0,True
8960145b4c7ffff,2026-05-03 19:00:00,weekend,141.88,37.42,179.3,150.0,True
8960145b4c7ffff,2026-05-03 20:00:00,weekend,143.0,43.52,186.52,150.0,True
8960145b4c7ffff,2026-05-03 21:00:00,weekend,141.88,33.87,175.75,150.0,True
8960145b4c7ffff,2026-05-03 22:00:00,weekend,138.58,58.62,197.2,150.0,True
8960145b4c7ffff,2026-05-03 23:00:00,weekend,133.33,0.0,133.33,150.0,False
8960145b4c7ffff,2026-05-04 00:00:00,weekday,135.36,0.0,135.36,150.0,False
8960145b4c7ffff,2026-05-04 01:00:00,weekday,125.0,0.0,125.0,150.0,False
8960145b4c7ffff,2026-05-04 02:00:00,weekday,112.94,0.0,112.94,150.0,False
8960145b4c7ffff,2026-05-04 03:00:00,weekday,100.0,0.0,100.0,150.0,False
8960145b4c7ffff,2026-05-04 04:00:00,weekday,87.06,0.0,87.06,150.0,False
8960145b4c7ffff,2026-05-04 05:00:00,weekday,75.0,0.0,75.0,150.0,False
8960145b4c7ffff,2026-05-04 06:00:00,weekday,64.64,0.0,64.64,150.0,False
8960145b4c7ffff,2026-05-04 07:00:00,weekday,56.7,0.0,56.7,150.0,False
8960145b4c7ffff,2026-05-04 08:00:00,weekday,51.7,0.0,51.7,150.0,False
8960145b4c7ffff,2026-05-04 09:00:00,weekday,50.0,0.0,50.0,150.0,False
8960145b4c7ffff,2026-05-04 10:00:00,weekday,51.7,0.0,51.7,150.0,False
8960145b4c7ffff,2026-05-04 11:00:00,weekday,56.7,0.0,56.7,150.0,False
8960145b4c7ffff,2026-05-04 12:00:00,weekday,64.64,0.0,64.64,150.0,False
8960145b4c7ffff,2026-05-04 13:00:00,weekday,75.0,0.0,75.0,150.0,False
8960145b4c7ffff,2026-05-04 14:00:00,weekday,87.06,0.0,87.06,150.0,False
8960145b4c7ffff,2026-05-04 15:00:00,weekday,100.0,0.0,100.0,150.0,False
8960145b4c7ffff,2026-05-04 16:00:00,weekday,112.94,0.0,112.94,150.0,False
8960145b4c7ffff,2026-05-04 17:00:00,weekday,125.0,0.0,125.0,150.0,False
8960145b4c7ffff,2026-05-04 18:00:00,weekday,135.36,64.25,199.6,150.0,True
8960145b4c7ffff,2026-05-04 19:00:00,weekday,143.3,49.15,192.45,150.0,True
8960145b4c7ffff,2026-05-04 20:00:00,weekday,148.3,66.87,215.16,150.0,True
8960145b4c7ffff,2026-05-04 21:00:00,weekday,150.0,64.73,214.73,150.0,True
8960145b4c7ffff,2026-05-04 22:00:00,weekday,148.3,54.33,202.62,150.0,True
8960145b4c7ffff,2026-05-04 23:00:00,weekday,143.3,0.0,143.3,150.0,False
8960145b4c7ffff,2026-05-05 00:00:00,weekday,135.36,0.0,135.36,150.0,False
8960145b4c7ffff,2026-05-05 01:00:00,weekday,125.0,0.0,125.0,150.0,False
8960145b4c7ffff,2026-05-05 02:00:00,weekday,112.94,0.0,112.94,150.0,False
8960145b4c7ffff,2026-05-05 03:00:00,weekday,100.0,0.0,100.0,150.0,False
8960145b4c7ffff,2026-05-05 04:00:00,weekday,87.06,0.0,87.06,150.0,False
8960145b4c7ffff,2026-05-05 05:00:00,weekday,75.0,0.0,75.0,150.0,False
8960145b4c7ffff,2026-05-05 06:00:00,weekday,64.64,0.0,64.64,150.0,False
8960145b4c7ffff,2026-05-05 07:00:00,weekday,56.7,0.0,56.7,150.0,False
8960145b4c7ffff,2026-05-05 08:00:00,weekday,51.7,0.0,51.7,150.0,False
8960145b4c7ffff,2026-05-05 09:00:00,weekday,50.0,0.0,50.0,150.0,False
8960145b4c7ffff,2026-05-05 10:00:00,weekday,51.7,0.0,51.7,150.0,False
8960145b4c7ffff,2026-05-05 11:00:00,weekday,56.7,0.0,56.7,150.0,False
8960145b4c7ffff,2026-05-05 12:00:00,weekday,64.64,0.0,64.64,150.0,False
8960145b4c7ffff,2026-05-05 13:00:00,weekday,75.0,0.0,75.0,150.0,False
8960145b4c7ffff,2026-05-05 14:00:00,weekday,87.06,0.0,87.06,150.0,False
8960145b4c7ffff,2026-05-05 15:00:00,weekday,100.0,0.0,100.0,150.0,False
8960145b4c7ffff,2026-05-05 16:00:00,weekday,112.94,0.0,112.94,150.0,False
8960145b4c7ffff,2026-05-05 17:00:00,weekday,125.0,0.0,125.0,150.0,False
8960145b4c7ffff,2026-05-05 18:00:00,weekday,135.36,44.54,179.9,150.0,True
8960145b4c7ffff,2026-05-05 19:00:00,weekday,143.3,66.86,210.16,150.0,True
8960145b4c7ffff,2026-05-05 20:00:00,weekday,148.3,60.81,209.11,150.0,True
8960145b4c7ffff,2026-05-05 21:00:00,weekday,150.0,70.89,220.89,150.0,True
8960145b4c7ffff,2026-05-05 22:00:00,weekday,148.3,60.81,209.1,150.0,True
8960145b4c7ffff,2026-05-05 23:00:00,weekday,143.3,0.0,143.3,150.0,False
8960145b4c7ffff,2026-05-06 00:00:00,weekday,135.36,0.0,135.36,150.0,False
8960145b4c7ffff,2026-05-06 01:00:00,weekday,125.0,0.0,125.0,150.0,False
8960145b4c7ffff,2026-05-06 02:00:00,weekday,112.94,0.0,112.94,150.0,False
8960145b4c7ffff,2026-05-06 03:00:00,weekday,100.0,0.0,100.0,150.0,False
8960145b4c7ffff,2026-05-06 04:00:00,weekday,87.06,0.0,87.06,150.0,False
8960145b4c7ffff,2026-05-06 05:00:00,weekday,75.0,0.0,75.0,150.0,False
8960145b4c7ffff,2026-05-06 06:00:00,weekday,64.64,0.0,64.64,150.0,False
8960145b4c7ffff,2026-05-06 07:00:00,weekday,56.7,0.0,56.7,150.0,False
8960145b4c7ffff,2026-05-06 08:00:00,weekday,51.7,0.0,51.7,150.0,False
8960145b4c7ffff,2026-05-06 09:00:00,weekday,50.0,0.0,50.0,150.0,False
8960145b4c7ffff,2026-05-06 10:00:00,weekday,51.7,0.0,51.7,150.0,False
8960145b4c7ffff,2026-05-06 11:00:00,weekday,56.7,0.0,56.7,150.0,False
8960145b4c7ffff,2026-05-06 12:00:00,weekday,64.64,0.0,64.64,150.0,False
8960145b4c7ffff,2026-05-06 13:00:00,weekday,75.0,0.0,75.0,150.0,False
8960145b4c7ffff,2026-05-06 14:00:00,weekday,87.06,0.0,87.06,150.0,False
8960145b4c7ffff,2026-05-06 15:00:00,weekday,100.0,0.0,100.0,150.0,False
8960145b4c7ffff,2026-05-06 16:00:00,weekday,112.94,0.0,112.94,150.0,False
8960145b4c7ffff,2026-05-06 17:00:00,weekday,125.0,0.0,125.0,150.0,False
8960145b4c7ffff,2026-05-06 18:00:00,weekday,135.36,74.09,209.44,150.0,True
8960145b4c7ffff,2026-05-06 19:00:00,weekday,143.3,62.08,205.38,150.0,True
8960145b4c7ffff,2026-05-06 20:00:00,weekday,148.3,62.44,210.73,150.0,True
8960145b4c7ffff,2026-05-06 21:00:00,weekday,150.0,75.07,225.07,150.0,True
8960145b4c7ffff,2026-05-06 22:00:00,weekday,148.3,56.14,204.44,150.0,True
8960145b4c7ffff,2026-05-06 23:00:00,weekday,143.3,0.0,143.3,150.0,False
8960145b4c7ffff,2026-05-07 00:00:00,weekday,135.36,0.0,135.36,150.0,False
8960145b4c7ffff,2026-05-07 01:00:00,weekday,125.0,0.0,125.0,150.0,False
8960145b4c7ffff,2026-05-07 02:00:00,weekday,112.94,0.0,112.94,150.0,False
8960145b4c7ffff,2026-05-07 03:00:00,weekday,100.0,0.0,100.0,150.0,False
8960145b4c7ffff,2026-05-07 04:00:00,weekday,87.06,0.0,87.06,150.0,False
8960145b4c7ffff,2026-05-07 05:00:00,weekday,75.0,0.0,75.0,150.0,False
8960145b4c7ffff,2026-05-07 06:00:00,weekday,64.64,0.0,64.64,150.0,False
8960145b4c7ffff,2026-05-07 07:00:00,weekday,56.7,0.0,56.7,150.0,False
8960145b4c7ffff,2026-05-07 08:00:00,weekday,51.7,0.0,51.7,150.0,False
8960145b4c7ffff,2026-05-07 09:00:00,weekday,50.0,0.0,50.0,150.0,False
8960145b4c7ffff,2026-05-07 10:00:00,weekday,51.7,0.0,51.7,150.0,False
8960145b4c7ffff,2026-05-07 11:00:00,weekday,56.7,0.0,56.7,150.0,False
8960145b4c7ffff,2026-05-07 12:00:00,weekday,64.64,0.0,64.64,150.0,False
8960145b4c7ffff,2026-05-07 13:00:00,weekday,75.0,0.0,75.0,150.0,False
8960145b4c7ffff,2026-05-07 14:00:00,weekday,87.06,0.0,87.06,150.0,False
8960145b4c7ffff,2026-05-07 15:00:00,weekday,100.0,0.0,100.0,150.0,False
8960145b4c7ffff,2026-05-07 16:00:00,weekday,112.94,0.0,112.94,150.0,False
8960145b4c7ffff,2026-05-07 17:00:00,weekday,125.0,0.0,125.0,150.0,False
8960145b4c7ffff,2026-05-07 18:00:00,weekday,135.36,45.36,180.72,150.0,True
8960145b4c7ffff,2026-05-07 19:00:00,weekday,143.3,41.15,184.45,150.0,True
8960145b4c7ffff,2026-05-07 20:00:00,weekday,148.3,70.21,218.5,150.0,True
8960145b4c7ffff,2026-05-07 21:00:00,weekday,150.0,64.81,214.81,150.0,True
8960145b4c7ffff,2026-05-07 22:00:00,weekday,148.3,68.16,216.46,150.0,True
8960145b4c7ffff,2026-05-07 23:00:00,weekday,143.3,0.0,143.3,150.0,False
8960145b413ffff,2026-05-01 00:00:00,weekday,135.36,0.0,135.36,150.0,False
8960145b413ffff,2026-05-01 01:00:00,weekday,125.0,0.0,125.0,150.0,False
8960145b413ffff,2026-05-01 02:00:00,weekday,112.94,0.0,112.94,150.0,False
8960145b413ffff,2026-05-01 03:00:00,weekday,100.0,0.0,100.0,150.0,False
8960145b413ffff,2026-05-01 04:00:00,weekday,87.06,0.0,87.06,150.0,False
8960145b413ffff,2026-05-01 05:00:00,weekday,75.0,0.0,75.0,150.0,False
8960145b413ffff,2026-05-01 06:00:00,weekday,64.64,0.0,64.64,150.0,False
8960145b413ffff,2026-05-01 07:00:00,weekday,56.7,0.0,56.7,150.0,False
8960145b413ffff,2026-05-01 08:00:00,weekday,51.7,0.0,51.7,150.0,False
8960145b413ffff,2026-05-01 09:00:00,weekday,50.0,0.0,50.0,150.0,False
8960145b413ffff,2026-05-01 10:00:00,weekday,51.7,0.0,51.7,150.0,False
8960145b413ffff,2026-05-01 11:00:00,weekday,56.7,0.0,56.7,150.0,False
8960145b413ffff,2026-05-01 12:00:00,weekday,64.64,0.0,64.64,150.0,False
8960145b413ffff,2026-05-01 13:00:00,weekday,75.0,0.0,75.0,150.0,False
8960145b413ffff,2026-05-01 14:00:00,weekday,87.06,0.0,87.06,150.0,False
8960145b413ffff,2026-05-01 15:00:00,weekday,100.0,0.0,100.0,150.0,False
8960145b413ffff,2026-05-01 16:00:00,weekday,112.94,0.0,112.94,150.0,False
8960145b413ffff,2026-05-01 17:00:00,weekday,125.0,0.0,125.0,150.0,False
8960145b413ffff,2026-05-01 18:00:00,weekday,135.36,48.52,183.87,150.0,True
8960145b413ffff,2026-05-01 19:00:00,weekday,143.3,45.45,188.76,150.0,True
8960145b413ffff,2026-05-01 20:00:00,weekday,148.3,40.58,188.88,150.0,True
8960145b413ffff,2026-05-01 21:00:00,weekday,150.0,54.02,204.02,150.0,True
8960145b413ffff,2026-05-01 22:00:00,weekday,148.3,63.6,211.89,150.0,True
8960145b413ffff,2026-05-01 23:00:00,weekday,143.3,0.0,143.3,150.0,False
8960145b413ffff,2026-05-02 00:00:00,weekend,126.5,0.0,126.5,150.0,False
8960145b413ffff,2026-05-02 01:00:00,weekend,118.54,0.0,118.54,150.0,False
8960145b413ffff,2026-05-02 02:00:00,weekend,110.0,0.0,110.0,150.0,False
8960145b413ffff,2026-05-02 03:00:00,weekend,101.46,0.0,101.46,150.0,False
8960145b413ffff,2026-05-02 04:00:00,weekend,93.5,0.0,93.5,150.0,False
8960145b413ffff,2026-05-02 05:00:00,weekend,86.67,0.0,86.67,150.0,False
8960145b413ffff,2026-05-02 06:00:00,weekend,81.42,0.0,81.42,150.0,False
8960145b413ffff,2026-05-02 07:00:00,weekend,78.12,0.0,78.12,150.0,False
8960145b413ffff,2026-05-02 08:00:00,weekend,77.0,0.0,77.0,150.0,False
8960145b413ffff,2026-05-02 09:00:00,weekend,78.12,0.0,78.12,150.0,False
8960145b413ffff,2026-05-02 10:00:00,weekend,81.42,41.77,123.19,150.0,False
8960145b413ffff,2026-05-02 11:00:00,weekend,86.67,43.12,129.79,150.0,False
8960145b413ffff,2026-05-02 12:00:00,weekend,93.5,57.12,150.62,150.0,True
8960145b413ffff,2026-05-02 13:00:00,weekend,101.46,40.45,141.91,150.0,False
8960145b413ffff,2026-05-02 14:00:00,weekend,110.0,45.42,155.42,150.0,True
8960145b413ffff,2026-05-02 15:00:00,weekend,118.54,53.51,172.05,150.0,True
8960145b413ffff,2026-05-02 16:00:00,weekend,126.5,41.9,168.4,150.0,True
8960145b413ffff,2026-05-02 17:00:00,weekend,133.33,48.66,182.0,150.0,True
8960145b413ffff,2026-05-02 18:00:00,weekend,138.58,55.87,194.45,150.0,True
8960145b413ffff,2026-05-02 19:00:00,weekend,141.88,58.49,200.36,150.0,True
8960145b413ffff,2026-05-02 20:00:00,weekend,143.0,34.41,177.41,150.0,True
8960145b413ffff,2026-05-02 21:00:00,weekend,141.88,57.8,199.67,150.0,True
8960145b413ffff,2026-05-02 22:00:00,weekend,138.58,44.76,183.34,150.0,True
8960145b413ffff,2026-05-02 23:00:00,weekend,133.33,0.0,133.33,150.0,False
8960145b413ffff,2026-05-03 00:00:00,weekend,126.5,0.0,126.5,150.0,False
8960145b413ffff,2026-05-03 01:00:00,weekend,118.54,0.0,118.54,150.0,False
8960145b413ffff,2026-05-03 02:00:00,weekend,110.0,0.0,110.0,150.0,False
8960145b413ffff,2026-05-03 03:00:00,weekend,101.46,0.0,101.46,150.0,False
8960145b413ffff,2026-05-03 04:00:00,weekend,93.5,0.0,93.5,150.0,False
8960145b413ffff,2026-05-03 05:00:00,weekend,86.67,0.0,86.67,150.0,False
8960145b413ffff,2026-05-03 06:00:00,weekend,81.42,0.0,81.42,150.0,False
8960145b413ffff,2026-05-03 07:00:00,weekend,78.12,0.0,78.12,150.0,False
8960145b413ffff,2026-05-03 08:00:00,weekend,77.0,0.0,77.0,150.0,False
8960145b413ffff,2026-05-03 09:00:00,weekend,78.12,0.0,78.12,150.0,False
8960145b413ffff,2026-05-03 10:00:00,weekend,81.42,37.75,119.17,150.0,False
8960145b413ffff,2026-05-03 11:00:00,weekend,86.67,43.77,130.44,150.0,False
8960145b413ffff,2026-05-03 12:00:00,weekend,93.5,59.4,152.9,150.0,True
8960145b413ffff,2026-05-03 13:00:00,weekend,101.46,44.78,146.24,150.0,False
8960145b413ffff,2026-05-03 14:00:00,weekend,110.0,39.86,149.86,150.0,False
8960145b413ffff,2026-05-03 15:00:00,weekend,118.54,49.0,167.54,150.0,True
8960145b413ffff,2026-05-03 16:00:00,weekend,126.5,37.2,163.7,150.0,True
8960145b413ffff,2026-05-03 17:00:00,weekend,133.33,32.28,165.61,150.0,True
8960145b413ffff,2026-05-03 18:00:00,weekend,138.58,33.87,172.45,150.0,True
8960145b413ffff,2026-05-03 19:00:00,weekend,141.88,33.84,175.72,150.0,True
8960145b413ffff,2026-05-03 20:00:00,weekend,143.0,34.56,177.56,150.0,True
8960145b413ffff,2026-05-03 21:00:00,weekend,141.88,34.16,176.04,150.0,True
8960145b413ffff,2026-05-03 22:00:00,weekend,138.58,49.23,187.81,150.0,True
8960145b413ffff,2026-05-03 23:00:00,weekend,133.33,0.0,133.33,150.0,False
8960145b413ffff,2026-05-04 00:00:00,weekday,135.36,0.0,135.36,150.0,False
8960145b413ffff,2026-05-04 01:00:00,weekday,125.0,0.0,125.0,150.0,False
8960145b413ffff,2026-05-04 02:00:00,weekday,112.94,0.0,112.94,150.0,False
8960145b413ffff,2026-05-04 03:00:00,weekday,100.0,0.0,100.0,150.0,False
8960145b413ffff,2026-05-04 04:00:00,weekday,87.06,0.0,87.06,150.0,False
8960145b413ffff,2026-05-04 05:00:00,weekday,75.0,0.0,75.0,150.0,False
8960145b413ffff,2026-05-04 06:00:00,weekday,64.64,0.0,64.64,150.0,False
8960145b413ffff,2026-05-04 07:00:00,weekday,56.7,0.0,56.7,150.0,False
8960145b413ffff,2026-05-04 08:00:00,weekday,51.7,0.0,51.7,150.0,False
8960145b413ffff,2026-05-04 09:00:00,weekday,50.0,0.0,50.0,150.0,False
8960145b413ffff,2026-05-04 10:00:00,weekday,51.7,0.0,51.7,150.0,False
8960145b413ffff,2026-05-04 11:00:00,weekday,56.7,0.0,56.7,150.0,False
8960145b413ffff,2026-05-04 12:00:00,weekday,64.64,0.0,64.64,150.0,False
8960145b413ffff,2026-05-04 13:00:00,weekday,75.0,0.0,75.0,150.0,False
8960145b413ffff,2026-05-04 14:00:00,weekday,87.06,0.0,87.06,150.0,False
8960145b413ffff,2026-05-04 15:00:00,weekday,100.0,0.0,100.0,150.0,False
8960145b413ffff,2026-05-04 16:00:00,weekday,112.94,0.0,112.94,150.0,False
8960145b413ffff,2026-05-04 17:00:00,weekday,125.0,0.0,125.0,150.0,False
8960145b413ffff,2026-05-04 18:00:00,weekday,135.36,47.28,182.63,150.0,True
8960145b413ffff,2026-05-04 19:00:00,weekday,143.3,53.83,197.13,150.0,True
8960145b413ffff,2026-05-04 20:00:00,weekday,148.3,75.87,224.17,150.0,True
8960145b413ffff,2026-05-04 21:00:00,weekday,150.0,58.96,208.96,150.0,True
8960145b413ffff,2026-05-04 22:00:00,weekday,148.3,66.7,215.0,150.0,True
8960145b413ffff,2026-05-04 23:00:00,weekday,143.3,0.0,143.3,150.0,False
8960145b413ffff,2026-05-05 00:00:00,weekday,135.36,0.0,135.36,150.0,False
8960145b413ffff,2026-05-05 01:00:00,weekday,125.0,0.0,125.0,150.0,False
8960145b413ffff,2026-05-05 02:00:00,weekday,112.94,0.0,112.94,150.0,False
8960145b413ffff,2026-05-05 03:00:00,weekday,100.0,0.0,100.0,150.0,False
8960145b413ffff,2026-05-05 04:00:00,weekday,87.06,0.0,87.06,150.0,False
8960145b413ffff,2026-05-05 05:00:00,weekday,75.0,0.0,75.0,150.0,False
8960145b413ffff,2026-05-05 06:00:00,weekday,64.64,0.0,64.64,150.0,False
8960145b413ffff,2026-05-05 07:00:00,weekday,56.7,0.0,56.7,150.0,False
8960145b413ffff,2026-05-05 08:00:00,weekday,51.7,0.0,51.7,150.0,False
8960145b413ffff,2026-05-05 09:00:00,weekday,50.0,0.0,50.0,150.0,False
8960145b413ffff,2026-05-05 10:00:00,weekday,51.7,0.0,51.7,150.0,False
8960145b413ffff,2026-05-05 11:00:00,weekday,56.7,0.0,56.7,150.0,False
8960145b413ffff,2026-05-05 12:00:00,weekday,64.64,0.0,64.64,150.0,False
8960145b413ffff,2026-05-05 13:00:00,weekday,75.0,0.0,75.0,150.0,False
8960145b413ffff,2026-05-05 14:00:00,weekday,87.06,0.0,87.06,150.0,False
8960145b413ffff,2026-05-05 15:00:00,weekday,100.0,0.0,100.0,150.0,False
8960145b413ffff,2026-05-05 16:00:00,weekday,112.94,0.0,112.94,150.0,False
8960145b413ffff,2026-05-05 17:00:00,weekday,125.0,0.0,125.0,150.0,False
8960145b413ffff,2026-05-05 18:00:00,weekday,135.36,46.89,182.25,150.0,True
8960145b413ffff,2026-05-05 19:00:00,weekday,143.3,47.69,190.99,150.0,True
8960145b413ffff,2026-05-05 20:00:00,weekday,148.3,41.63,189.93,150.0,True
8960145b413ffff,2026-05-05 21:00:00,weekday,150.0,46.76,196.76,150.0,True
8960145b413ffff,2026-05-05 22:00:00,weekday,148.3,51.14,199.44,150.0,True
8960145b413ffff,2026-05-05 23:00:00,weekday,143.3,0.0,143.3,150.0,False
8960145b413ffff,2026-05-06 00:00:00,weekday,135.36,0.0,135.36,150.0,False
8960145b413ffff,2026-05-06 01:00:00,weekday,125.0,0.0,125.0,150.0,False
8960145b413ffff,2026-05-06 02:00:00,weekday,112.94,0.0,112.94,150.0,False
8960145b413ffff,2026-05-06 03:00:00,weekday,100.0,0.0,100.0,150.0,False
8960145b413ffff,2026-05-06 04:00:00,weekday,87.06,0.0,87.06,150.0,False
8960145b413ffff,2026-05-06 05:00:00,weekday,75.0,0.0,75.0,150.0,False
8960145b413ffff,2026-05-06 06:00:00,weekday,64.64,0.0,64.64,150.0,False
8960145b413ffff,2026-05-06 07:00:00,weekday,56.7,0.0,56.7,150.0,False
8960145b413ffff,2026-05-06 08:00:00,weekday,51.7,0.0,51.7,150.0,False
8960145b413ffff,2026-05-06 09:00:00,weekday,50.0,0.0,50.0,150.0,False
8960145b413ffff,2026-05-06 10:00:00,weekday,51.7,0.0,51.7,150.0,False
8960145b413ffff,2026-05-06 11:00:00,weekday,56.7,0.0,56.7,150.0,False
8960145b413ffff,2026-05-06 12:00:00,weekday,64.64,0.0,64.64,150.0,False
8960145b413ffff,2026-05-06 13:00:00,weekday,75.0,0.0,75.0,150.0,False
8960145b413ffff,2026-05-06 14:00:00,weekday,87.06,0.0,87.06,150.0,False
8960145b413ffff,2026-05-06 15:00:00,weekday,100.0,0.0,100.0,150.0,False
8960145b413ffff,2026-05-06 16:00:00,weekday,112.94,0.0,112.94,150.0,False
8960145b413ffff,2026-05-06 17:00:00,weekday,125.0,0.0,125.0,150.0,False
8960145b413ffff,2026-05-06 18:00:00,weekday,135.36,47.08,182.44,150.0,True
8960145b413ffff,2026-05-06 19:00:00,weekday,143.3,43.55,186.85,150.0,True
8960145b413ffff,2026-05-06 20:00:00,weekday,148.3,44.83,193.12,150.0,True
8960145b413ffff,2026-05-06 21:00:00,weekday,150.0,58.43,208.43,150.0,True
8960145b413ffff,2026-05-06 22:00:00,weekday,148.3,48.25,196.55,150.0,True
8960145b413ffff,2026-05-06 23:00:00,weekday,143.3,0.0,143.3,150.0,False
8960145b413ffff,2026-05-07 00:00:00,weekday,135.36,0.0,135.36,150.0,False
8960145b413ffff,2026-05-07 01:00:00,weekday,125.0,0.0,125.0,150.0,False
8960145b413ffff,2026-05-07 02:00:00,weekday,112.94,0.0,112.94,150.0,False
8960145b413ffff,2026-05-07 03:00:00,weekday,100.0,0.0,100.0,150.0,False
8960145b413ffff,2026-05-07 04:00:00,weekday,87.06,0.0,87.06,150.0,False
8960145b413ffff,2026-05-07 05:00:00,weekday,75.0,0.0,75.0,150.0,False
8960145b413ffff,2026-05-07 06:00:00,weekday,64.64,0.0,64.64,150.0,False
8960145b413ffff,2026-05-07 07:00:00,weekday,56.7,0.0,56.7,150.0,False
8960145b413ffff,2026-05-07 08:00:00,weekday,51.7,0.0,51.7,150.0,False
8960145b413ffff,2026-05-07 09:00:00,weekday,50.0,0.0,50.0,150.0,False
8960145b413ffff,2026-05-07 10:00:00,weekday,51.7,0.0,51.7,150.0,False
8960145b413ffff,2026-05-07 11:00:00,weekday,56.7,0.0,56.7,150.0,False
8960145b413ffff,2026-05-07 12:00:00,weekday,64.64,0.0,64.64,150.0,False
8960145b413ffff,2026-05-07 13:00:00,weekday,75.0,0.0,75.0,150.0,False
8960145b413ffff,2026-05-07 14:00:00,weekday,87.06,0.0,87.06,150.0,False
8960145b413ffff,2026-05-07 15:00:00,weekday,100.0,0.0,100.0,150.0,False
8960145b413ffff,2026-05-07 16:00:00,weekday,112.94,0.0,112.94,150.0,False
8960145b413ffff,2026-05-07 17:00:00,weekday,125.0,0.0,125.0,150.0,False
8960145b413ffff,2026-05-07 18:00:00,weekday,135.36,54.57,189.93,150.0,True
8960145b413ffff,2026-05-07 19:00:00,weekday,143.3,60.14,203.44,150.0,True
8960145b413ffff,2026-05-07 20:00:00,weekday,148.3,67.62,215.91,150.0,True
8960145b413ffff,2026-05-07 21:00:00,weekday,150.0,41.57,191.57,150.0,True
8960145b413ffff,2026-05-07 22:00:00,weekday,148.3,71.98,220.27,150.0,True
8960145b413ffff,2026-05-07 23:00:00,weekday,143.3,0.0,143.3,150.0,False
8960145b417ffff,2026-05-01 00:00:00,weekday,135.36,0.0,135.36,150.0,False
8960145b417ffff,2026-05-01 01:00:00,weekday,125.0,0.0,125.0,150.0,False
8960145b417ffff,2026-05-01 02:00:00,weekday,112.94,0.0,112.94,150.0,False
8960145b417ffff,2026-05-01 03:00:00,weekday,100.0,0.0,100.0,150.0,False
8960145b417ffff,2026-05-01 04:00:00,weekday,87.06,0.0,87.06,150.0,False
8960145b417ffff,2026-05-01 05:00:00,weekday,75.0,0.0,75.0,150.0,False
8960145b417ffff,2026-05-01 06:00:00,weekday,64.64,0.0,64.64,150.0,False
8960145b417ffff,2026-05-01 07:00:00,weekday,56.7,0.0,56.7,150.0,False
8960145b417ffff,2026-05-01 08:00:00,weekday,51.7,0.0,51.7,150.0,False
8960145b417ffff,2026-05-01 09:00:00,weekday,50.0,0.0,50.0,150.0,False
8960145b417ffff,2026-05-01 10:00:00,weekday,51.7,0.0,51.7,150.0,False
8960145b417ffff,2026-05-01 11:00:00,weekday,56.7,0.0,56.7,150.0,False
8960145b417ffff,2026-05-01 12:00:00,weekday,64.64,0.0,64.64,150.0,False
8960145b417ffff,2026-05-01 13:00:00,weekday,75.0,0.0,75.0,150.0,False
8960145b417ffff,2026-05-01 14:00:00,weekday,87.06,0.0,87.06,150.0,False
8960145b417ffff,2026-05-01 15:00:00,weekday,100.0,0.0,100.0,150.0,False
8960145b417ffff,2026-05-01 16:00:00,weekday,112.94,0.0,112.94,150.0,False
8960145b417ffff,2026-05-01 17:00:00,weekday,125.0,0.0,125.0,150.0,False
8960145b417ffff,2026-05-01 18:00:00,weekday,135.36,65.12,200.47,150.0,True
8960145b417ffff,2026-05-01 19:00:00,weekday,143.3,43.27,186.57,150.0,True
8960145b417ffff,2026-05-01 20:00:00,weekday,148.3,74.94,223.24,150.0,True
8960145b417ffff,2026-05-01 21:00:00,weekday,150.0,76.83,226.83,150.0,True
8960145b417ffff,2026-05-01 22:00:00,weekday,148.3,42.44,190.74,150.0,True
8960145b417ffff,2026-05-01 23:00:00,weekday,143.3,0.0,143.3,150.0,False
8960145b417ffff,2026-05-02 00:00:00,weekend,126.5,0.0,126.5,150.0,False
8960145b417ffff,2026-05-02 01:00:00,weekend,118.54,0.0,118.54,150.0,False
8960145b417ffff,2026-05-02 02:00:00,weekend,110.0,0.0,110.0,150.0,False
8960145b417ffff,2026-05-02 03:00:00,weekend,101.46,0.0,101.46,150.0,False
8960145b417ffff,2026-05-02 04:00:00,weekend,93.5,0.0,93.5,150.0,False
8960145b417ffff,2026-05-02 05:00:00,weekend,86.67,0.0,86.67,150.0,False
8960145b417ffff,2026-05-02 06:00:00,weekend,81.42,0.0,81.42,150.0,False
8960145b417ffff,2026-05-02 07:00:00,weekend,78.12,0.0,78.12,150.0,False
8960145b417ffff,2026-05-02 08:00:00,weekend,77.0,0.0,77.0,150.0,False
8960145b417ffff,2026-05-02 09:00:00,weekend,78.12,0.0,78.12,150.0,False
8960145b417ffff,2026-05-02 10:00:00,weekend,81.42,38.31,119.73,150.0,False
8960145b417ffff,2026-05-02 11:00:00,weekend,86.67,54.19,140.85,150.0,False
8960145b417ffff,2026-05-02 12:00:00,weekend,93.5,52.45,145.95,150.0,False
8960145b417ffff,2026-05-02 13:00:00,weekend,101.46,35.54,136.99,150.0,False
8960145b417ffff,2026-05-02 14:00:00,weekend,110.0,36.28,146.28,150.0,False
8960145b417ffff,2026-05-02 15:00:00,weekend,118.54,41.11,159.66,150.0,True
8960145b417ffff,2026-05-02 16:00:00,weekend,126.5,44.54,171.04,150.0,True
8960145b417ffff,2026-05-02 17:00:00,weekend,133.33,48.55,181.88,150.0,True
8960145b417ffff,2026-05-02 18:00:00,weekend,138.58,41.07,179.65,150.0,True
8960145b417ffff,2026-05-02 19:00:00,weekend,141.88,43.88,185.75,150.0,True
8960145b417ffff,2026-05-02 20:00:00,weekend,143.0,52.42,195.42,150.0,True
8960145b417ffff,2026-05-02 21:00:00,weekend,141.88,31.1,172.98,150.0,True
8960145b417ffff,2026-05-02 22:00:00,weekend,138.58,37.57,176.15,150.0,True
8960145b417ffff,2026-05-02 23:00:00,weekend,133.33,0.0,133.33,150.0,False
8960145b417ffff,2026-05-03 00:00:00,weekend,126.5,0.0,126.5,150.0,False
8960145b417ffff,2026-05-03 01:00:00,weekend,118.54,0.0,118.54,150.0,False
8960145b417ffff,2026-05-03 02:00:00,weekend,110.0,0.0,110.0,150.0,False
8960145b417ffff,2026-05-03 03:00:00,weekend,101.46,0.0,101.46,150.0,False
8960145b417ffff,2026-05-03 04:00:00,weekend,93.5,0.0,93.5,150.0,False
8960145b417ffff,2026-05-03 05:00:00,weekend,86.67,0.0,86.67,150.0,False
8960145b417ffff,2026-05-03 06:00:00,weekend,81.42,0.0,81.42,150.0,False
8960145b417ffff,2026-05-03 07:00:00,weekend,78.12,0.0,78.12,150.0,False
8960145b417ffff,2026-05-03 08:00:00,weekend,77.0,0.0,77.0,150.0,False
8960145b417ffff,2026-05-03 09:00:00,weekend,78.12,0.0,78.12,150.0,False
8960145b417ffff,2026-05-03 10:00:00,weekend,81.42,51.4,132.82,150.0,False
8960145b417ffff,2026-05-03 11:00:00,weekend,86.67,56.86,143.52,150.0,False
8960145b417ffff,2026-05-03 12:00:00,weekend,93.5,45.35,138.85,150.0,False
8960145b417ffff,2026-05-03 13:00:00,weekend,101.46,45.96,147.42,150.0,False
8960145b417ffff,2026-05-03 14:00:00,weekend,110.0,33.22,143.22,150.0,False
8960145b417ffff,2026-05-03 15:00:00,weekend,118.54,43.42,161.96,150.0,True
8960145b417ffff,2026-05-03 16:00:00,weekend,126.5,45.98,172.48,150.0,True
8960145b417ffff,2026-05-03 17:00:00,weekend,133.33,37.27,170.61,150.0,True
8960145b417ffff,2026-05-03 18:00:00,weekend,138.58,38.08,176.66,150.0,True
8960145b417ffff,2026-05-03 19:00:00,weekend,141.88,41.32,183.19,150.0,True
8960145b417ffff,2026-05-03 20:00:00,weekend,143.0,30.6,173.6,150.0,True
8960145b417ffff,2026-05-03 21:00:00,weekend,141.88,39.66,181.54,150.0,True
8960145b417ffff,2026-05-03 22:00:00,weekend,138.58,36.34,174.92,150.0,True
8960145b417ffff,2026-05-03 23:00:00,weekend,133.33,0.0,133.33,150.0,False
8960145b417ffff,2026-05-04 00:00:00,weekday,135.36,0.0,135.36,150.0,False
8960145b417ffff,2026-05-04 01:00:00,weekday,125.0,0.0,125.0,150.0,False
8960145b417ffff,2026-05-04 02:00:00,weekday,112.94,0.0,112.94,150.0,False
8960145b417ffff,2026-05-04 03:00:00,weekday,100.0,0.0,100.0,150.0,False
8960145b417ffff,2026-05-04 04:00:00,weekday,87.06,0.0,87.06,150.0,False
8960145b417ffff,2026-05-04 05:00:00,weekday,75.0,0.0,75.0,150.0,False
8960145b417ffff,2026-05-04 06:00:00,weekday,64.64,0.0,64.64,150.0,False
8960145b417ffff,2026-05-04 07:00:00,weekday,56.7,0.0,56.7,150.0,False
8960145b417ffff,2026-05-04 08:00:00,weekday,51.7,0.0,51.7,150.0,False
8960145b417ffff,2026-05-04 09:00:00,weekday,50.0,0.0,50.0,150.0,False
8960145b417ffff,2026-05-04 10:00:00,weekday,51.7,0.0,51.7,150.0,False
8960145b417ffff,2026-05-04 11:00:00,weekday,56.7,0.0,56.7,150.0,False
8960145b417ffff,2026-05-04 12:00:00,weekday,64.64,0.0,64.64,150.0,False
8960145b417ffff,2026-05-04 13:00:00,weekday,75.0,0.0,75.0,150.0,False
8960145b417ffff,2026-05-04 14:00:00,weekday,87.06,0.0,87.06,150.0,False
8960145b417ffff,2026-05-04 15:00:00,weekday,100.0,0.0,100.0,150.0,False
8960145b417ffff,2026-05-04 16:00:00,weekday,112.94,0.0,112.94,150.0,False
8960145b417ffff,2026-05-04 17:00:00,weekday,125.0,0.0,125.0,150.0,False
8960145b417ffff,2026-05-04 18:00:00,weekday,135.36,53.1,188.46,150.0,True
8960145b417ffff,2026-05-04 19:00:00,weekday,143.3,44.79,188.09,150.0,True
8960145b417ffff,2026-05-04 20:00:00,weekday,148.3,75.62,223.92,150.0,True
8960145b417ffff,2026-05-04 21:00:00,weekday,150.0,63.74,213.74,150.0,True
8960145b417ffff,2026-05-04 22:00:00,weekday,148.3,67.16,215.46,150.0,True
8960145b417ffff,2026-05-04 23:00:00,weekday,143.3,0.0,143.3,150.0,False
8960145b417ffff,2026-05-05 00:00:00,weekday,135.36,0.0,135.36,150.0,False
8960145b417ffff,2026-05-05 01:00:00,weekday,125.0,0.0,125.0,150.0,False
8960145b417ffff,2026-05-05 02:00:00,weekday,112.94,0.0,112.94,150.0,False
8960145b417ffff,2026-05-05 03:00:00,weekday,100.0,0.0,100.0,150.0,False
8960145b417ffff,2026-05-05 04:00:00,weekday,87.06,0.0,87.06,150.0,False
8960145b417ffff,2026-05-05 05:00:00,weekday,75.0,0.0,75.0,150.0,False
8960145b417ffff,2026-05-05 06:00:00,weekday,64.64,0.0,64.64,150.0,False
8960145b417ffff,2026-05-05 07:00:00,weekday,56.7,0.0,56.7,150.0,False
8960145b417ffff,2026-05-05 08:00:00,weekday,51.7,0.0,51.7,150.0,False
8960145b417ffff,2026-05-05 09:00:00,weekday,50.0,0.0,50.0,150.0,False
8960145b417ffff,2026-05-05 10:00:00,weekday,51.7,0.0,51.7,150.0,False
8960145b417ffff,2026-05-05 11:00:00,weekday,56.7,0.0,56.7,150.0,False
8960145b417ffff,2026-05-05 12:00:00,weekday,64.64,0.0,64.64,150.0,False
8960145b417ffff,2026-05-05 13:00:00,weekday,75.0,0.0,75.0,150.0,False
8960145b417ffff,2026-05-05 14:00:00,weekday,87.06,0.0,87.06,150.0,False
8960145b417ffff,2026-05-05 15:00:00,weekday,100.0,0.0,100.0,150.0,False
8960145b417ffff,2026-05-05 16:00:00,weekday,112.94,0.0,112.94,150.0,False
8960145b417ffff,2026-05-05 17:00:00,weekday,125.0,0.0,125.0,150.0,False
8960145b417ffff,2026-05-05 18:00:00,weekday,135.36,71.57,206.92,150.0,True
8960145b417ffff,2026-05-05 19:00:00,weekday,143.3,59.94,203.24,150.0,True
8960145b417ffff,2026-05-05 20:00:00,weekday,148.3,43.48,191.77,150.0,True
8960145b417ffff,2026-05-05 21:00:00,weekday,150.0,61.48,211.48,150.0,True
8960145b417ffff,2026-05-05 22:00:00,weekday,148.3,63.47,211.77,150.0,True
8960145b417ffff,2026-05-05 23:00:00,weekday,143.3,0.0,143.3,150.0,False
8960145b417ffff,2026-05-06 00:00:00,weekday,135.36,0.0,135.36,150.0,False
8960145b417ffff,2026-05-06 01:00:00,weekday,125.0,0.0,125.0,150.0,False
8960145b417ffff,2026-05-06 02:00:00,weekday,112.94,0.0,112.94,150.0,False
8960145b417ffff,2026-05-06 03:00:00,weekday,100.0,0.0,100.0,150.0,False
8960145b417ffff,2026-05-06 04:00:00,weekday,87.06,0.0,87.06,150.0,False
8960145b417ffff,2026-05-06 05:00:00,weekday,75.0,0.0,75.0,150.0,False
8960145b417ffff,2026-05-06 06:00:00,weekday,64.64,0.0,64.64,150.0,False
8960145b417ffff,2026-05-06 07:00:00,weekday,56.7,0.0,56.7,150.0,False
8960145b417ffff,2026-05-06 08:00:00,weekday,51.7,0.0,51.7,150.0,False
8960145b417ffff,2026-05-06 09:00:00,weekday,50.0,0.0,50.0,150.0,False
8960145b417ffff,2026-05-06 10:00:00,weekday,51.7,0.0,51.7,150.0,False
8960145b417ffff,2026-05-06 11:00:00,weekday,56.7,0.0,56.7,150.0,False
8960145b417ffff,2026-05-06 12:00:00,weekday,64.64,0.0,64.64,150.0,False
8960145b417ffff,2026-05-06 13:00:00,weekday,75.0,0.0,75.0,150.0,False
8960145b417ffff,2026-05-06 14:00:00,weekday,87.06,0.0,87.06,150.0,False
8960145b417ffff,2026-05-06 15:00:00,weekday,100.0,0.0,100.0,150.0,False
8960145b417ffff,2026-05-06 16:00:00,weekday,112.94,0.0,112.94,150.0,False
8960145b417ffff,2026-05-06 17:00:00,weekday,125.0,0.0,125.0,150.0,False
8960145b417ffff,2026-05-06 18:00:00,weekday,135.36,69.82,205.17,150.0,True
8960145b417ffff,2026-05-06 19:00:00,weekday,143.3,57.27,200.57,150.0,True
8960145b417ffff,2026-05-06 20:00:00,weekday,148.3,45.1,193.4,150.0,True
8960145b417ffff,2026-05-06 21:00:00,weekday,150.0,51.35,201.35,150.0,True
8960145b417ffff,2026-05-06 22:00:00,weekday,148.3,54.52,202.82,150.0,True
8960145b417ffff,2026-05-06 23:00:00,weekday,143.3,0.0,143.3,150.0,False
8960145b417ffff,2026-05-07 00:00:00,weekday,135.36,0.0,135.36,150.0,False
8960145b417ffff,2026-05-07 01:00:00,weekday,125.0,0.0,125.0,150.0,False
8960145b417ffff,2026-05-07 02:00:00,weekday,112.94,0.0,112.94,150.0,False
8960145b417ffff,2026-05-07 03:00:00,weekday,100.0,0.0,100.0,150.0,False
8960145b417ffff,2026-05-07 04:00:00,weekday,87.06,0.0,87.06,150.0,False
8960145b417ffff,2026-05-07 05:00:00,weekday,75.0,0.0,75.0,150.0,False
8960145b417ffff,2026-05-07 06:00:00,weekday,64.64,0.0,64.64,150.0,False
8960145b417ffff,2026-05-07 07:00:00,weekday,56.7,0.0,56.7,150.0,False
8960145b417ffff,2026-05-07 08:00:00,weekday,51.7,0.0,51.7,150.0,False
8960145b417ffff,2026-05-07 09:00:00,weekday,50.0,0.0,50.0,150.0,False
8960145b417ffff,2026-05-07 10:00:00,weekday,51.7,0.0,51.7,150.0,False
8960145b417ffff,2026-05-07 11:00:00,weekday,56.7,0.0,56.7,150.0,False
8960145b417ffff,2026-05-07 12:00:00,weekday,64.64,0.0,64.64,150.0,False
8960145b417ffff,2026-05-07 13:00:00,weekday,75.0,0.0,75.0,150.0,False
8960145b417ffff,2026-05-07 14:00:00,weekday,87.06,0.0,87.06,150.0,False
8960145b417ffff,2026-05-07 15:00:00,weekday,100.0,0.0,100.0,150.0,False
8960145b417ffff,2026-05-07 16:00:00,weekday,112.94,0.0,112.94,150.0,False
8960145b417ffff,2026-05-07 17:00:00,weekday,125.0,0.0,125.0,150.0,False
8960145b417ffff,2026-05-07 18:00:00,weekday,135.36,65.84,201.19,150.0,True
8960145b417ffff,2026-05-07 19:00:00,weekday,143.3,62.83,206.13,150.0,True
8960145b417ffff,2026-05-07 20:00:00,weekday,148.3,54.24,202.54,150.0,True
8960145b417ffff,2026-05-07 21:00:00,weekday,150.0,79.46,229.46,150.0,True
8960145b417ffff,2026-05-07 22:00:00,weekday,148.3,64.23,212.53,150.0,True
8960145b417ffff,2026-05-07 23:00:00,weekday,143.3,0.0,143.3,150.0,False
8960145b4bbffff,2026-05-01 00:00:00,weekday,135.36,0.0,135.36,150.0,False
8960145b4bbffff,2026-05-01 01:00:00,weekday,125.0,0.0,125.0,150.0,False
8960145b4bbffff,2026-05-01 02:00:00,weekday,112.94,0.0,112.94,150.0,False
8960145b4bbffff,2026-05-01 03:00:00,weekday,100.0,0.0,100.0,150.0,False
8960145b4bbffff,2026-05-01 04:00:00,weekday,87.06,0.0,87.06,150.0,False
8960145b4bbffff,2026-05-01 05:00:00,weekday,75.0,0.0,75.0,150.0,False
8960145b4bbffff,2026-05-01 06:00:00,weekday,64.64,0.0,64.64,150.0,False
8960145b4bbffff,2026-05-01 07:00:00,weekday,56.7,0.0,56.7,150.0,False
8960145b4bbffff,2026-05-01 08:00:00,weekday,51.7,0.0,51.7,150.0,False
8960145b4bbffff,2026-05-01 09:00:00,weekday,50.0,0.0,50.0,150.0,False
8960145b4bbffff,2026-05-01 10:00:00,weekday,51.7,0.0,51.7,150.0,False
8960145b4bbffff,2026-05-01 11:00:00,weekday,56.7,0.0,56.7,150.0,False
8960145b4bbffff,2026-05-01 12:00:00,weekday,64.64,0.0,64.64,150.0,False
8960145b4bbffff,2026-05-01 13:00:00,weekday,75.0,0.0,75.0,150.0,False
8960145b4bbffff,2026-05-01 14:00:00,weekday,87.06,0.0,87.06,150.0,False
8960145b4bbffff,2026-05-01 15:00:00,weekday,100.0,0.0,100.0,150.0,False
8960145b4bbffff,2026-05-01 16:00:00,weekday,112.94,0.0,112.94,150.0,False
8960145b4bbffff,2026-05-01 17:00:00,weekday,125.0,0.0,125.0,150.0,False
8960145b4bbffff,2026-05-01 18:00:00,weekday,135.36,49.49,184.84,150.0,True
8960145b4bbffff,2026-05-01 19:00:00,weekday,143.3,44.07,187.37,150.0,True
8960145b4bbffff,2026-05-01 20:00:00,weekday,148.3,46.11,194.41,150.0,True
8960145b4bbffff,2026-05-01 21:00:00,weekday,150.0,49.84,199.84,150.0,True
8960145b4bbffff,2026-05-01 22:00:00,weekday,148.3,46.43,194.72,150.0,True
8960145b4bbffff,2026-05-01 23:00:00,weekday,143.3,0.0,143.3,150.0,False
8960145b4bbffff,2026-05-02 00:00:00,weekend,126.5,0.0,126.5,150.0,False
8960145b4bbffff,2026-05-02 01:00:00,weekend,118.54,0.0,118.54,150.0,False
8960145b4bbffff,2026-05-02 02:00:00,weekend,110.0,0.0,110.0,150.0,False
8960145b4bbffff,2026-05-02 03:00:00,weekend,101.46,0.0,101.46,150.0,False
8960145b4bbffff,2026-05-02 04:00:00,weekend,93.5,0.0,93.5,150.0,False
8960145b4bbffff,2026-05-02 05:00:00,weekend,86.67,0.0,86.67,150.0,False
8960145b4bbffff,2026-05-02 06:00:00,weekend,81.42,0.0,81.42,150.0,False
8960145b4bbffff,2026-05-02 07:00:00,weekend,78.12,0.0,78.12,150.0,False
8960145b4bbffff,2026-05-02 08:00:00,weekend,77.0,0.0,77.0,150.0,False
8960145b4bbffff,2026-05-02 09:00:00,weekend,78.12,0.0,78.12,150.0,False
8960145b4bbffff,2026-05-02 10:00:00,weekend,81.42,35.6,117.02,150.0,False
8960145b4bbffff,2026-05-02 11:00:00,weekend,86.67,38.55,125.22,150.0,False
8960145b4bbffff,2026-05-02 12:00:00,weekend,93.5,35.2,128.7,150.0,False
8960145b4bbffff,2026-05-02 13:00:00,weekend,101.46,56.9,158.36,150.0,True
8960145b4bbffff,2026-05-02 14:00:00,weekend,110.0,32.41,142.41,150.0,False
8960145b4bbffff,2026-05-02 15:00:00,weekend,118.54,45.74,164.28,150.0,True
8960145b4bbffff,2026-05-02 16:00:00,weekend,126.5,42.31,168.81,150.0,True
8960145b4bbffff,2026-05-02 17:00:00,weekend,133.33,59.47,192.81,150.0,True
8960145b4bbffff,2026-05-02 18:00:00,weekend,138.58,33.36,171.94,150.0,True
8960145b4bbffff,2026-05-02 19:00:00,weekend,141.88,41.94,183.81,150.0,True
8960145b4bbffff,2026-05-02 20:00:00,weekend,143.0,59.08,202.08,150.0,True
8960145b4bbffff,2026-05-02 21:00:00,weekend,141.88,55.97,197.84,150.0,True
8960145b4bbffff,2026-05-02 22:00:00,weekend,138.58,54.51,193.09,150.0,True
8960145b4bbffff,2026-05-02 23:00:00,weekend,133.33,0.0,133.33,150.0,False
8960145b4bbffff,2026-05-03 00:00:00,weekend,126.5,0.0,126.5,150.0,False
8960145b4bbffff,2026-05-03 01:00:00,weekend,118.54,0.0,118.54,150.0,False
8960145b4bbffff,2026-05-03 02:00:00,weekend,110.0,0.0,110.0,150.0,False
8960145b4bbffff,2026-05-03 03:00:00,weekend,101.46,0.0,101.46,150.0,False
8960145b4bbffff,2026-05-03 04:00:00,weekend,93.5,0.0,93.5,150.0,False
8960145b4bbffff,2026-05-03 05:00:00,weekend,86.67,0.0,86.67,150.0,False
8960145b4bbffff,2026-05-03 06:00:00,weekend,81.42,0.0,81.42,150.0,False
8960145b4bbffff,2026-05-03 07:00:00,weekend,78.12,0.0,78.12,150.0,False
8960145b4bbffff,2026-05-03 08:00:00,weekend,77.0,0.0,77.0,150.0,False
8960145b4bbffff,2026-05-03 09:00:00,weekend,78.12,0.0,78.12,150.0,False
8960145b4bbffff,2026-05-03 10:00:00,weekend,81.42,37.74,119.16,150.0,False
8960145b4bbffff,2026-05-03 11:00:00,weekend,86.67,35.13,121.79,150.0,False
8960145b4bbffff,2026-05-03 12:00:00,weekend,93.5,50.06,143.56,150.0,False
8960145b4bbffff,2026-05-03 13:00:00,weekend,101.46,57.88,159.34,150.0,True
8960145b4bbffff,2026-05-03 14:00:00,weekend,110.0,46.7,156.7,150.0,True
8960145b4bbffff,2026-05-03 15:00:00,weekend,118.54,47.15,165.69,150.0,True
8960145b4bbffff,2026-05-03 16:00:00,weekend,126.5,38.4,164.9,150.0,True
8960145b4bbffff,2026-05-03 17:00:00,weekend,133.33,53.08,186.42,150.0,True
8960145b4bbffff,2026-05-03 18:00:00,weekend,138.58,35.61,174.19,150.0,True
8960145b4bbffff,2026-05-03 19:00:00,weekend,141.88,39.71,181.59,150.0,True
8960145b4bbffff,2026-05-03 20:00:00,weekend,143.0,42.76,185.76,150.0,True
8960145b4bbffff,2026-05-03 21:00:00,weekend,141.88,45.23,187.1,150.0,True
8960145b4bbffff,2026-05-03 22:00:00,weekend,138.58,37.27,175.85,150.0,True
8960145b4bbffff,2026-05-03 23:00:00,weekend,133.33,0.0,133.33,150.0,False
8960145b4bbffff,2026-05-04 00:00:00,weekday,135.36,0.0,135.36,150.0,False
8960145b4bbffff,2026-05-04 01:00:00,weekday,125.0,0.0,125.0,150.0,False
8960145b4bbffff,2026-05-04 02:00:00,weekday,112.94,0.0,112.94,150.0,False
8960145b4bbffff,2026-05-04 03:00:00,weekday,100.0,0.0,100.0,150.0,False
8960145b4bbffff,2026-05-04 04:00:00,weekday,87.06,0.0,87.06,150.0,False
8960145b4bbffff,2026-05-04 05:00:00,weekday,75.0,0.0,75.0,150.0,False
8960145b4bbffff,2026-05-04 06:00:00,weekday,64.64,0.0,64.64,150.0,False
8960145b4bbffff,2026-05-04 07:00:00,weekday,56.7,0.0,56.7,150.0,False
8960145b4bbffff,2026-05-04 08:00:00,weekday,51.7,0.0,51.7,150.0,False
8960145b4bbffff,2026-05-04 09:00:00,weekday,50.0,0.0,50.0,150.0,False
8960145b4bbffff,2026-05-04 10:00:00,weekday,51.7,0.0,51.7,150.0,False
8960145b4bbffff,2026-05-04 11:00:00,weekday,56.7,0.0,56.7,150.0,False
8960145b4bbffff,2026-05-04 12:00:00,weekday,64.64,0.0,64.64,150.0,False
8960145b4bbffff,2026-05-04 13:00:00,weekday,75.0,0.0,75.0,150.0,False
8960145b4bbffff,2026-05-04 14:00:00,weekday,87.06,0.0,87.06,150.0,False
8960145b4bbffff,2026-05-04 15:00:00,weekday,100.0,0.0,100.0,150.0,False
8960145b4bbffff,2026-05-04 16:00:00,weekday,112.94,0.0,112.94,150.0,False
8960145b4bbffff,2026-05-04 17:00:00,weekday,125.0,0.0,125.0,150.0,False
8960145b4bbffff,2026-05-04 18:00:00,weekday,135.36,44.59,179.95,150.0,True
8960145b4bbffff,2026-05-04 19:00:00,weekday,143.3,64.42,207.73,150.0,True
8960145b4bbffff,2026-05-04 20:00:00,weekday,148.3,51.55,199.84,150.0,True
8960145b4bbffff,2026-05-04 21:00:00,weekday,150.0,63.25,213.25,150.0,True
8960145b4bbffff,2026-05-04 22:00:00,weekday,148.3,46.17,194.47,150.0,True
8960145b4bbffff,2026-05-04 23:00:00,weekday,143.3,0.0,143.3,150.0,False
8960145b4bbffff,2026-05-05 00:00:00,weekday,135.36,0.0,135.36,150.0,False
8960145b4bbffff,2026-05-05 01:00:00,weekday,125.0,0.0,125.0,150.0,False
8960145b4bbffff,2026-05-05 02:00:00,weekday,112.94,0.0,112.94,150.0,False
8960145b4bbffff,2026-05-05 03:00:00,weekday,100.0,0.0,100.0,150.0,False
8960145b4bbffff,2026-05-05 04:00:00,weekday,87.06,0.0,87.06,150.0,False
8960145b4bbffff,2026-05-05 05:00:00,weekday,75.0,0.0,75.0,150.0,False
8960145b4bbffff,2026-05-05 06:00:00,weekday,64.64,0.0,64.64,150.0,False
8960145b4bbffff,2026-05-05 07:00:00,weekday,56.7,0.0,56.7,150.0,False
8960145b4bbffff,2026-05-05 08:00:00,weekday,51.7,0.0,51.7,150.0,False
8960145b4bbffff,2026-05-05 09:00:00,weekday,50.0,0.0,50.0,150.0,False
8960145b4bbffff,2026-05-05 10:00:00,weekday,51.7,0.0,51.7,150.0,False
8960145b4bbffff,2026-05-05 11:00:00,weekday,56.7,0.0,56.7,150.0,False
8960145b4bbffff,2026-05-05 12:00:00,weekday,64.64,0.0,64.64,150.0,False
8960145b4bbffff,2026-05-05 13:00:00,weekday,75.0,0.0,75.0,150.0,False
8960145b4bbffff,2026-05-05 14:00:00,weekday,87.06,0.0,87.06,150.0,False
8960145b4bbffff,2026-05-05 15:00:00,weekday,100.0,0.0,100.0,150.0,False
8960145b4bbffff,2026-05-05 16:00:00,weekday,112.94,0.0,112.94,150.0,False
8960145b4bbffff,2026-05-05 17:00:00,weekday,125.0,0.0,125.0,150.0,False
8960145b4bbffff,2026-05-05 18:00:00,weekday,135.36,59.25,194.6,150.0,True
8960145b4bbffff,2026-05-05 19:00:00,weekday,143.3,61.3,204.6,150.0,True
8960145b4bbffff,2026-05-05 20:00:00,weekday,148.3,42.07,190.37,150.0,True
8960145b4bbffff,2026-05-05 21:00:00,weekday,150.0,53.46,203.46,150.0,True
8960145b4bbffff,2026-05-05 22:00:00,weekday,148.3,45.38,193.67,150.0,True
8960145b4bbffff,2026-05-05 23:00:00,weekday,143.3,0.0,143.3,150.0,False
8960145b4bbffff,2026-05-06 00:00:00,weekday,135.36,0.0,135.36,150.0,False
8960145b4bbffff,2026-05-06 01:00:00,weekday,125.0,0.0,125.0,150.0,False
8960145b4bbffff,2026-05-06 02:00:00,weekday,112.94,0.0,112.94,150.0,False
8960145b4bbffff,2026-05-06 03:00:00,weekday,100.0,0.0,100.0,150.0,False
8960145b4bbffff,2026-05-06 04:00:00,weekday,87.06,0.0,87.06,150.0,False
8960145b4bbffff,2026-05-06 05:00:00,weekday,75.0,0.0,75.0,150.0,False
8960145b4bbffff,2026-05-06 06:00:00,weekday,64.64,0.0,64.64,150.0,False
8960145b4bbffff,2026-05-06 07:00:00,weekday,56.7,0.0,56.7,150.0,False
8960145b4bbffff,2026-05-06 08:00:00,weekday,51.7,0.0,51.7,150.0,False
8960145b4bbffff,2026-05-06 09:00:00,weekday,50.0,0.0,50.0,150.0,False
8960145b4bbffff,2026-05-06 10:00:00,weekday,51.7,0.0,51.7,150.0,False
8960145b4bbffff,2026-05-06 11:00:00,weekday,56.7,0.0,56.7,150.0,False
8960145b4bbffff,2026-05-06 12:00:00,weekday,64.64,0.0,64.64,150.0,False
8960145b4bbffff,2026-05-06 13:00:00,weekday,75.0,0.0,75.0,150.0,False
8960145b4bbffff,2026-05-06 14:00:00,weekday,87.06,0.0,87.06,150.0,False
8960145b4bbffff,2026-05-06 15:00:00,weekday,100.0,0.0,100.0,150.0,False
8960145b4bbffff,2026-05-06 16:00:00,weekday,112.94,0.0,112.94,150.0,False
8960145b4bbffff,2026-05-06 17:00:00,weekday,125.0,0.0,125.0,150.0,False
8960145b4bbffff,2026-05-06 18:00:00,weekday,135.36,42.53,177.89,150.0,True
8960145b4bbffff,2026-05-06 19:00:00,weekday,143.3,79.6,222.9,150.0,True
8960145b4bbffff,2026-05-06 20:00:00,weekday,148.3,52.89,201.19,150.0,True
8960145b4bbffff,2026-05-06 21:00:00,weekday,150.0,72.39,222.39,150.0,True
8960145b4bbffff,2026-05-06 22:00:00,weekday,148.3,50.19,198.48,150.0,True
8960145b4bbffff,2026-05-06 23:00:00,weekday,143.3,0.0,143.3,150.0,False
8960145b4bbffff,2026-05-07 00:00:00,weekday,135.36,0.0,135.36,150.0,False
8960145b4bbffff,2026-05-07 01:00:00,weekday,125.0,0.0,125.0,150.0,False
8960145b4bbffff,2026-05-07 02:00:00,weekday,112.94,0.0,112.94,150.0,False
8960145b4bbffff,2026-05-07 03:00:00,weekday,100.0,0.0,100.0,150.0,False
8960145b4bbffff,2026-05-07 04:00:00,weekday,87.06,0.0,87.06,150.0,False
8960145b4bbffff,2026-05-07 05:00:00,weekday,75.0,0.0,75.0,150.0,False
8960145b4bbffff,2026-05-07 06:00:00,weekday,64.64,0.0,64.64,150.0,False
8960145b4bbffff,2026-05-07 07:00:00,weekday,56.7,0.0,56.7,150.0,False
8960145b4bbffff,2026-05-07 08:00:00,weekday,51.7,0.0,51.7,150.0,False
8960145b4bbffff,2026-05-07 09:00:00,weekday,50.0,0.0,50.0,150.0,False
8960145b4bbffff,2026-05-07 10:00:00,weekday,51.7,0.0,51.7,150.0,False
8960145b4bbffff,2026-05-07 11:00:00,weekday,56.7,0.0,56.7,150.0,False
8960145b4bbffff,2026-05-07 12:00:00,weekday,64.64,0.0,64.64,150.0,False
8960145b4bbffff,2026-05-07 13:00:00,weekday,75.0,0.0,75.0,150.0,False
8960145b4bbffff,2026-05-07 14:00:00,weekday,87.06,0.0,87.06,150.0,False
8960145b4bbffff,2026-05-07 15:00:00,weekday,100.0,0.0,100.0,150.0,False
8960145b4bbffff,2026-05-07 16:00:00,weekday,112.94,0.0,112.94,150.0,False
8960145b4bbffff,2026-05-07 17:00:00,weekday,125.0,0.0,125.0,150.0,False
8960145b4bbffff,2026-05-07 18:00:00,weekday,135.36,67.26,202.62,150.0,True
8960145b4bbffff,2026-05-07 19:00:00,weekday,143.3,70.41,213.71,150.0,True
8960145b4bbffff,2026-05-07 20:00:00,weekday,148.3,63.83,212.12,150.0,True
8960145b4bbffff,2026-05-07 21:00:00,weekday,150.0,58.86,208.86,150.0,True
8960145b4bbffff,2026-05-07 22:00:00,weekday,148.3,56.47,204.77,150.0,True
8960145b4bbffff,2026-05-07 23:00:00,weekday,143.3,0.0,143.3,150.0,False
8960145b4b3ffff,2026-05-01 00:00:00,weekday,135.36,0.0,135.36,150.0,False
8960145b4b3ffff,2026-05-01 01:00:00,weekday,125.0,0.0,125.0,150.0,False
8960145b4b3ffff,2026-05-01 02:00:00,weekday,112.94,0.0,112.94,150.0,False
8960145b4b3ffff,2026-05-01 03:00:00,weekday,100.0,0.0,100.0,150.0,False
8960145b4b3ffff,2026-05-01 04:00:00,weekday,87.06,0.0,87.06,150.0,False
8960145b4b3ffff,2026-05-01 05:00:00,weekday,75.0,0.0,75.0,150.0,False
8960145b4b3ffff,2026-05-01 06:00:00,weekday,64.64,0.0,64.64,150.0,False
8960145b4b3ffff,2026-05-01 07:00:00,weekday,56.7,0.0,56.7,150.0,False
8960145b4b3ffff,2026-05-01 08:00:00,weekday,51.7,0.0,51.7,150.0,False
8960145b4b3ffff,2026-05-01 09:00:00,weekday,50.0,0.0,50.0,150.0,False
8960145b4b3ffff,2026-05-01 10:00:00,weekday,51.7,0.0,51.7,150.0,False
8960145b4b3ffff,2026-05-01 11:00:00,weekday,56.7,0.0,56.7,150.0,False
8960145b4b3ffff,2026-05-01 12:00:00,weekday,64.64,0.0,64.64,150.0,False
8960145b4b3ffff,2026-05-01 13:00:00,weekday,75.0,0.0,75.0,150.0,False
8960145b4b3ffff,2026-05-01 14:00:00,weekday,87.06,0.0,87.06,150.0,False
8960145b4b3ffff,2026-05-01 15:00:00,weekday,100.0,0.0,100.0,150.0,False
8960145b4b3ffff,2026-05-01 16:00:00,weekday,112.94,0.0,112.94,150.0,False
8960145b4b3ffff,2026-05-01 17:00:00,weekday,125.0,0.0,125.0,150.0,False
8960145b4b3ffff,2026-05-01 18:00:00,weekday,135.36,53.95,189.31,150.0,True
8960145b4b3ffff,2026-05-01 19:00:00,weekday,143.3,77.18,220.48,150.0,True
8960145b4b3ffff,2026-05-01 20:00:00,weekday,148.3,73.22,221.52,150.0,True
8960145b4b3ffff,2026-05-01 21:00:00,weekday,150.0,78.6,228.6,150.0,True
8960145b4b3ffff,2026-05-01 22:00:00,weekday,148.3,44.97,193.27,150.0,True
8960145b4b3ffff,2026-05-01 23:00:00,weekday,143.3,0.0,143.3,150.0,False
8960145b4b3ffff,2026-05-02 00:00:00,weekend,126.5,0.0,126.5,150.0,False
8960145b4b3ffff,2026-05-02 01:00:00,weekend,118.54,0.0,118.54,150.0,False
8960145b4b3ffff,2026-05-02 02:00:00,weekend,110.0,0.0,110.0,150.0,False
8960145b4b3ffff,2026-05-02 03:00:00,weekend,101.46,0.0,101.46,150.0,False
8960145b4b3ffff,2026-05-02 04:00:00,weekend,93.5,0.0,93.5,150.0,False
8960145b4b3ffff,2026-05-02 05:00:00,weekend,86.67,0.0,86.67,150.0,False
8960145b4b3ffff,2026-05-02 06:00:00,weekend,81.42,0.0,81.42,150.0,False
8960145b4b3ffff,2026-05-02 07:00:00,weekend,78.12,0.0,78.12,150.0,False
8960145b4b3ffff,2026-05-02 08:00:00,weekend,77.0,0.0,77.0,150.0,False
8960145b4b3ffff,2026-05-02 09:00:00,weekend,78.12,0.0,78.12,150.0,False
8960145b4b3ffff,2026-05-02 10:00:00,weekend,81.42,51.93,133.35,150.0,False
8960145b4b3ffff,2026-05-02 11:00:00,weekend,86.67,58.15,144.82,150.0,False
8960145b4b3ffff,2026-05-02 12:00:00,weekend,93.5,35.44,128.94,150.0,False
8960145b4b3ffff,2026-05-02 13:00:00,weekend,101.46,31.99,133.45,150.0,False
8960145b4b3ffff,2026-05-02 14:00:00,weekend,110.0,52.23,162.23,150.0,True
8960145b4b3ffff,2026-05-02 15:00:00,weekend,118.54,47.23,165.78,150.0,True
8960145b4b3ffff,2026-05-02 16:00:00,weekend,126.5,55.25,181.75,150.0,True
8960145b4b3ffff,2026-05-02 17:00:00,weekend,133.33,34.19,167.53,150.0,True
8960145b4b3ffff,2026-05-02 18:00:00,weekend,138.58,53.86,192.44,150.0,True
8960145b4b3ffff,2026-05-02 19:00:00,weekend,141.88,36.05,177.92,150.0,True
8960145b4b3ffff,2026-05-02 20:00:00,weekend,143.0,34.91,177.91,150.0,True
8960145b4b3ffff,2026-05-02 21:00:00,weekend,141.88,34.93,176.8,150.0,True
8960145b4b3ffff,2026-05-02 22:00:00,weekend,138.58,54.44,193.02,150.0,True
8960145b4b3ffff,2026-05-02 23:00:00,weekend,133.33,0.0,133.33,150.0,False
8960145b4b3ffff,2026-05-03 00:00:00,weekend,126.5,0.0,126.5,150.0,False
8960145b4b3ffff,2026-05-03 01:00:00,weekend,118.54,0.0,118.54,150.0,False
8960145b4b3ffff,2026-05-03 02:00:00,weekend,110.0,0.0,110.0,150.0,False
8960145b4b3ffff,2026-05-03 03:00:00,weekend,101.46,0.0,101.46,150.0,False
8960145b4b3ffff,2026-05-03 04:00:00,weekend,93.5,0.0,93.5,150.0,False
8960145b4b3ffff,2026-05-03 05:00:00,weekend,86.67,0.0,86.67,150.0,False
8960145b4b3ffff,2026-05-03 06:00:00,weekend,81.42,0.0,81.42,150.0,False
8960145b4b3ffff,2026-05-03 07:00:00,weekend,78.12,0.0,78.12,150.0,False
8960145b4b3ffff,2026-05-03 08:00:00,weekend,77.0,0.0,77.0,150.0,False
8960145b4b3ffff,2026-05-03 09:00:00,weekend,78.12,0.0,78.12,150.0,False
8960145b4b3ffff,2026-05-03 10:00:00,weekend,81.42,49.96,131.38,150.0,False
8960145b4b3ffff,2026-05-03 11:00:00,weekend,86.67,45.69,132.36,150.0,False
8960145b4b3ffff,2026-05-03 12:00:00,weekend,93.5,40.76,134.26,150.0,False
8960145b4b3ffff,2026-05-03 13:00:00,weekend,101.46,56.32,157.77,150.0,True
8960145b4b3ffff,2026-05-03 14:00:00,weekend,110.0,41.77,151.77,150.0,True
8960145b4b3ffff,2026-05-03 15:00:00,weekend,118.54,54.5,173.04,150.0,True
8960145b4b3ffff,2026-05-03 16:00:00,weekend,126.5,43.17,169.67,150.0,True
8960145b4b3ffff,2026-05-03 17:00:00,weekend,133.33,41.31,174.64,150.0,True
8960145b4b3ffff,2026-05-03 18:00:00,weekend,138.58,43.88,182.46,150.0,True
8960145b4b3ffff,2026-05-03 19:00:00,weekend,141.88,39.04,180.92,150.0,True
8960145b4b3ffff,2026-05-03 20:00:00,weekend,143.0,52.43,195.43,150.0,True
8960145b4b3ffff,2026-05-03 21:00:00,weekend,141.88,45.08,186.96,150.0,True
8960145b4b3ffff,2026-05-03 22:00:00,weekend,138.58,36.97,175.55,150.0,True
8960145b4b3ffff,2026-05-03 23:00:00,weekend,133.33,0.0,133.33,150.0,False
8960145b4b3ffff,2026-05-04 00:00:00,weekday,135.36,0.0,135.36,150.0,False
8960145b4b3ffff,2026-05-04 01:00:00,weekday,125.0,0.0,125.0,150.0,False
8960145b4b3ffff,2026-05-04 02:00:00,weekday,112.94,0.0,112.94,150.0,False
8960145b4b3ffff,2026-05-04 03:00:00,weekday,100.0,0.0,100.0,150.0,False
8960145b4b3ffff,2026-05-04 04:00:00,weekday,87.06,0.0,87.06,150.0,False
8960145b4b3ffff,2026-05-04 05:00:00,weekday,75.0,0.0,75.0,150.0,False
8960145b4b3ffff,2026-05-04 06:00:00,weekday,64.64,0.0,64.64,150.0,False
8960145b4b3ffff,2026-05-04 07:00:00,weekday,56.7,0.0,56.7,150.0,False
8960145b4b3ffff,2026-05-04 08:00:00,weekday,51.7,0.0,51.7,150.0,False
8960145b4b3ffff,2026-05-04 09:00:00,weekday,50.0,0.0,50.0,150.0,False
8960145b4b3ffff,2026-05-04 10:00:00,weekday,51.7,0.0,51.7,150.0,False
8960145b4b3ffff,2026-05-04 11:00:00,weekday,56.7,0.0,56.7,150.0,False
8960145b4b3ffff,2026-05-04 12:00:00,weekday,64.64,0.0,64.64,150.0,False
8960145b4b3ffff,2026-05-04 13:00:00,weekday,75.0,0.0,75.0,150.0,False
8960145b4b3ffff,2026-05-04 14:00:00,weekday,87.06,0.0,87.06,150.0,False
8960145b4b3ffff,2026-05-04 15:00:00,weekday,100.0,0.0,100.0,150.0,False
8960145b4b3ffff,2026-05-04 16:00:00,weekday,112.94,0.0,112.94,150.0,False
8960145b4b3ffff,2026-05-04 17:00:00,weekday,125.0,0.0,125.0,150.0,False
8960145b4b3ffff,2026-05-04 18:00:00,weekday,135.36,75.98,211.34,150.0,True
8960145b4b3ffff,2026-05-04 19:00:00,weekday,143.3,55.36,198.66,150.0,True
8960145b4b3ffff,2026-05-04 20:00:00,weekday,148.3,61.74,210.04,150.0,True
8960145b4b3ffff,2026-05-04 21:00:00,weekday,150.0,76.26,226.26,150.0,True
8960145b4b3ffff,2026-05-04 22:00:00,weekday,148.3,64.97,213.27,150.0,True
8960145b4b3ffff,2026-05-04 23:00:00,weekday,143.3,0.0,143.3,150.0,False
8960145b4b3ffff,2026-05-05 00:00:00,weekday,135.36,0.0,135.36,150.0,False
8960145b4b3ffff,2026-05-05 01:00:00,weekday,125.0,0.0,125.0,150.0,False
8960145b4b3ffff,2026-05-05 02:00:00,weekday,112.94,0.0,112.94,150.0,False
8960145b4b3ffff,2026-05-05 03:00:00,weekday,100.0,0.0,100.0,150.0,False
8960145b4b3ffff,2026-05-05 04:00:00,weekday,87.06,0.0,87.06,150.0,False
8960145b4b3ffff,2026-05-05 05:00:00,weekday,75.0,0.0,75.0,150.0,False
8960145b4b3ffff,2026-05-05 06:00:00,weekday,64.64,0.0,64.64,150.0,False
8960145b4b3ffff,2026-05-05 07:00:00,weekday,56.7,0.0,56.7,150.0,False
8960145b4b3ffff,2026-05-05 08:00:00,weekday,51.7,0.0,51.7,150.0,False
8960145b4b3ffff,2026-05-05 09:00:00,weekday,50.0,0.0,50.0,150.0,False
8960145b4b3ffff,2026-05-05 10:00:00,weekday,51.7,0.0,51.7,150.0,False
8960145b4b3ffff,2026-05-05 11:00:00,weekday,56.7,0.0,56.7,150.0,False
8960145b4b3ffff,2026-05-05 12:00:00,weekday,64.64,0.0,64.64,150.0,False
8960145b4b3ffff,2026-05-05 13:00:00,weekday,75.0,0.0,75.0,150.0,False
8960145b4b3ffff,2026-05-05 14:00:00,weekday,87.06,0.0,87.06,150.0,False
8960145b4b3ffff,2026-05-05 15:00:00,weekday,100.0,0.0,100.0,150.0,False
8960145b4b3ffff,2026-05-05 16:00:00,weekday,112.94,0.0,112.94,150.0,False
8960145b4b3ffff,2026-05-05 17:00:00,weekday,125.0,0.0,125.0,150.0,False
8960145b4b3ffff,2026-05-05 18:00:00,weekday,135.36,44.68,180.03,150.0,True
8960145b4b3ffff,2026-05-05 19:00:00,weekday,143.3,77.59,220.89,150.0,True
8960145b4b3ffff,2026-05-05 20:00:00,weekday,148.3,65.11,213.4,150.0,True
8960145b4b3ffff,2026-05-05 21:00:00,weekday,150.0,53.4,203.4,150.0,True
8960145b4b3ffff,2026-05-05 22:00:00,weekday,148.3,45.57,193.87,150.0,True
8960145b4b3ffff,2026-05-05 23:00:00,weekday,143.3,0.0,143.3,150.0,False
8960145b4b3ffff,2026-05-06 00:00:00,weekday,135.36,0.0,135.36,150.0,False
8960145b4b3ffff,2026-05-06 01:00:00,weekday,125.0,0.0,125.0,150.0,False
8960145b4b3ffff,2026-05-06 02:00:00,weekday,112.94,0.0,112.94,150.0,False
8960145b4b3ffff,2026-05-06 03:00:00,weekday,100.0,0.0,100.0,150.0,False
8960145b4b3ffff,2026-05-06 04:00:00,weekday,87.06,0.0,87.06,150.0,False
8960145b4b3ffff,2026-05-06 05:00:00,weekday,75.0,0.0,75.0,150.0,False
8960145b4b3ffff,2026-05-06 06:00:00,weekday,64.64,0.0,64.64,150.0,False
8960145b4b3ffff,2026-05-06 07:00:00,weekday,56.7,0.0,56.7,150.0,False
8960145b4b3ffff,2026-05-06 08:00:00,weekday,51.7,0.0,51.7,150.0,False
8960145b4b3ffff,2026-05-06 09:00:00,weekday,50.0,0.0,50.0,150.0,False
8960145b4b3ffff,2026-05-06 10:00:00,weekday,51.7,0.0,51.7,150.0,False
8960145b4b3ffff,2026-05-06 11:00:00,weekday,56.7,0.0,56.7,150.0,False
8960145b4b3ffff,2026-05-06 12:00:00,weekday,64.64,0.0,64.64,150.0,False
8960145b4b3ffff,2026-05-06 13:00:00,weekday,75.0,0.0,75.0,150.0,False
8960145b4b3ffff,2026-05-06 14:00:00,weekday,87.06,0.0,87.06,150.0,False
8960145b4b3ffff,2026-05-06 15:00:00,weekday,100.0,0.0,100.0,150.0,False
8960145b4b3ffff,2026-05-06 16:00:00,weekday,112.94,0.0,112.94,150.0,False
8960145b4b3ffff,2026-05-06 17:00:00,weekday,125.0,0.0,125.0,150.0,False
8960145b4b3ffff,2026-05-06 18:00:00,weekday,135.36,71.76,207.12,150.0,True
8960145b4b3ffff,2026-05-06 19:00:00,weekday,143.3,64.8,208.1,150.0,True
8960145b4b3ffff,2026-05-06 20:00:00,weekday,148.3,61.34,209.63,150.0,True
8960145b4b3ffff,2026-05-06 21:00:00,weekday,150.0,75.76,225.76,150.0,True
8960145b4b3ffff,2026-05-06 22:00:00,weekday,148.3,71.54,219.84,150.0,True
8960145b4b3ffff,2026-05-06 23:00:00,weekday,143.3,0.0,143.3,150.0,False
8960145b4b3ffff,2026-05-07 00:00:00,weekday,135.36,0.0,135.36,150.0,False
8960145b4b3ffff,2026-05-07 01:00:00,weekday,125.0,0.0,125.0,150.0,False
8960145b4b3ffff,2026-05-07 02:00:00,weekday,112.94,0.0,112.94,150.0,False
8960145b4b3ffff,2026-05-07 03:00:00,weekday,100.0,0.0,100.0,150.0,False
8960145b4b3ffff,2026-05-07 04:00:00,weekday,87.06,0.0,87.06,150.0,False
8960145b4b3ffff,2026-05-07 05:00:00,weekday,75.0,0.0,75.0,150.0,False
8960145b4b3ffff,2026-05-07 06:00:00,weekday,64.64,0.0,64.64,150.0,False
8960145b4b3ffff,2026-05-07 07:00:00,weekday,56.7,0.0,56.7,150.0,False
8960145b4b3ffff,2026-05-07 08:00:00,weekday,51.7,0.0,51.7,150.0,False
8960145b4b3ffff,2026-05-07 09:00:00,weekday,50.0,0.0,50.0,150.0,False
8960145b4b3ffff,2026-05-07 10:00:00,weekday,51.7,0.0,51.7,150.0,False
8960145b4b3ffff,2026-05-07 11:00:00,weekday,56.7,0.0,56.7,150.0,False
8960145b4b3ffff,2026-05-07 12:00:00,weekday,64.64,0.0,64.64,150.0,False
8960145b4b3ffff,2026-05-07 13:00:00,weekday,75.0,0.0,75.0,150.0,False
8960145b4b3ffff,2026-05-07 14:00:00,weekday,87.06,0.0,87.06,150.0,False
8960145b4b3ffff,2026-05-07 15:00:00,weekday,100.0,0.0,100.0,150.0,False
8960145b4b3ffff,2026-05-07 16:00:00,weekday,112.94,0.0,112.94,150.0,False
8960145b4b3ffff,2026-05-07 17:00:00,weekday,125.0,0.0,125.0,150.0,False
8960145b4b3ffff,2026-05-07 18:00:00,weekday,135.36,46.07,181.42,150.0,True
8960145b4b3ffff,2026-05-07 19:00:00,weekday,143.3,52.47,195.77,150.0,True
8960145b4b3ffff,2026-05-07 20:00:00,weekday,148.3,49.94,198.24,150.0,True
8960145b4b3ffff,2026-05-07 21:00:00,weekday,150.0,69.76,219.76,150.0,True
8960145b4b3ffff,2026-05-07 22:00:00,weekday,148.3,41.34,189.64,150.0,True
8960145b4b3ffff,2026-05-07 23:00:00,weekday,143.3,0.0,143.3,150.0,False
89618925b4bffff,2026-05-01 00:00:00,weekday,135.36,0.0,135.36,150.0,False
89618925b4bffff,2026-05-01 01:00:00,weekday,125.0,0.0,125.0,150.0,False
89618925b4bffff,2026-05-01 02:00:00,weekday,112.94,0.0,112.94,150.0,False
89618925b4bffff,2026-05-01 03:00:00,weekday,100.0,0.0,100.0,150.0,False
89618925b4bffff,2026-05-01 04:00:00,weekday,87.06,0.0,87.06,150.0,False
89618925b4bffff,2026-05-01 05:00:00,weekday,75.0,0.0,75.0,150.0,False
89618925b4bffff,2026-05-01 06:00:00,weekday,64.64,0.0,64.64,150.0,False
89618925b4bffff,2026-05-01 07:00:00,weekday,56.7,0.0,56.7,150.0,False
89618925b4bffff,2026-05-01 08:00:00,weekday,51.7,0.0,51.7,150.0,False
89618925b4bffff,2026-05-01 09:00:00,weekday,50.0,0.0,50.0,150.0,False
89618925b4bffff,2026-05-01 10:00:00,weekday,51.7,0.0,51.7,150.0,False
89618925b4bffff,2026-05-01 11:00:00,weekday,56.7,0.0,56.7,150.0,False
89618925b4bffff,2026-05-01 12:00:00,weekday,64.64,0.0,64.64,150.0,False
89618925b4bffff,2026-05-01 13:00:00,weekday,75.0,0.0,75.0,150.0,False
89618925b4bffff,2026-05-01 14:00:00,weekday,87.06,0.0,87.06,150.0,False
89618925b4bffff,2026-05-01 15:00:00,weekday,100.0,0.0,100.0,150.0,False
89618925b4bffff,2026-05-01 16:00:00,weekday,112.94,0.0,112.94,150.0,False
89618925b4bffff,2026-05-01 17:00:00,weekday,125.0,0.0,125.0,150.0,False
89618925b4bffff,2026-05-01 18:00:00,weekday,135.36,62.8,198.15,150.0,True
89618925b4bffff,2026-05-01 19:00:00,weekday,143.3,70.5,213.8,150.0,True
89618925b4bffff,2026-05-01 20:00:00,weekday,148.3,75.07,223.37,150.0,True
89618925b4bffff,2026-05-01 21:00:00,weekday,150.0,53.68,203.68,150.0,True
89618925b4bffff,2026-05-01 22:00:00,weekday,148.3,72.85,221.15,150.0,True
89618925b4bffff,2026-05-01 23:00:00,weekday,143.3,0.0,143.3,150.0,False
89618925b4bffff,2026-05-02 00:00:00,weekend,126.5,0.0,126.5,150.0,False
89618925b4bffff,2026-05-02 01:00:00,weekend,118.54,0.0,118.54,150.0,False
89618925b4bffff,2026-05-02 02:00:00,weekend,110.0,0.0,110.0,150.0,False
89618925b4bffff,2026-05-02 03:00:00,weekend,101.46,0.0,101.46,150.0,False
89618925b4bffff,2026-05-02 04:00:00,weekend,93.5,0.0,93.5,150.0,False
89618925b4bffff,2026-05-02 05:00:00,weekend,86.67,0.0,86.67,150.0,False
89618925b4bffff,2026-05-02 06:00:00,weekend,81.42,0.0,81.42,150.0,False
89618925b4bffff,2026-05-02 07:00:00,weekend,78.12,0.0,78.12,150.0,False
89618925b4bffff,2026-05-02 08:00:00,weekend,77.0,0.0,77.0,150.0,False
89618925b4bffff,2026-05-02 09:00:00,weekend,78.12,0.0,78.12,150.0,False
89618925b4bffff,2026-05-02 10:00:00,weekend,81.42,33.32,114.74,150.0,False
89618925b4bffff,2026-05-02 11:00:00,weekend,86.67,55.39,142.06,150.0,False
89618925b4bffff,2026-05-02 12:00:00,weekend,93.5,33.82,127.32,150.0,False
89618925b4bffff,2026-05-02 13:00:00,weekend,101.46,41.92,143.38,150.0,False
89618925b4bffff,2026-05-02 14:00:00,weekend,110.0,53.92,163.92,150.0,True
89618925b4bffff,2026-05-02 15:00:00,weekend,118.54,34.5,153.04,150.0,True
89618925b4bffff,2026-05-02 16:00:00,weekend,126.5,36.88,163.38,150.0,True
89618925b4bffff,2026-05-02 17:00:00,weekend,133.33,51.67,185.0,150.0,True
89618925b4bffff,2026-05-02 18:00:00,weekend,138.58,51.6,190.18,150.0,True
89618925b4bffff,2026-05-02 19:00:00,weekend,141.88,49.23,191.11,150.0,True
89618925b4bffff,2026-05-02 20:00:00,weekend,143.0,50.82,193.82,150.0,True
89618925b4bffff,2026-05-02 21:00:00,weekend,141.88,46.28,188.16,150.0,True
89618925b4bffff,2026-05-02 22:00:00,weekend,138.58,37.55,176.13,150.0,True
89618925b4bffff,2026-05-02 23:00:00,weekend,133.33,0.0,133.33,150.0,False
89618925b4bffff,2026-05-03 00:00:00,weekend,126.5,0.0,126.5,150.0,False
89618925b4bffff,2026-05-03 01:00:00,weekend,118.54,0.0,118.54,150.0,False
89618925b4bffff,2026-05-03 02:00:00,weekend,110.0,0.0,110.0,150.0,False
89618925b4bffff,2026-05-03 03:00:00,weekend,101.46,0.0,101.46,150.0,False
89618925b4bffff,2026-05-03 04:00:00,weekend,93.5,0.0,93.5,150.0,False
89618925b4bffff,2026-05-03 05:00:00,weekend,86.67,0.0,86.67,150.0,False
89618925b4bffff,2026-05-03 06:00:00,weekend,81.42,0.0,81.42,150.0,False
89618925b4bffff,2026-05-03 07:00:00,weekend,78.12,0.0,78.12,150.0,False
89618925b4bffff,2026-05-03 08:00:00,weekend,77.0,0.0,77.0,150.0,False
89618925b4bffff,2026-05-03 09:00:00,weekend,78.12,0.0,78.12,150.0,False
89618925b4bffff,2026-05-03 10:00:00,weekend,81.42,40.37,121.79,150.0,False
89618925b4bffff,2026-05-03 11:00:00,weekend,86.67,35.45,122.11,150.0,False
89618925b4bffff,2026-05-03 12:00:00,weekend,93.5,57.25,150.75,150.0,True
89618925b4bffff,2026-05-03 13:00:00,weekend,101.46,47.5,148.96,150.0,False
89618925b4bffff,2026-05-03 14:00:00,weekend,110.0,42.03,152.03,150.0,True
89618925b4bffff,2026-05-03 15:00:00,weekend,118.54,43.86,162.4,150.0,True
89618925b4bffff,2026-05-03 16:00:00,weekend,126.5,58.42,184.92,150.0,True
89618925b4bffff,2026-05-03 17:00:00,weekend,133.33,34.6,167.94,150.0,True
89618925b4bffff,2026-05-03 18:00:00,weekend,138.58,47.59,186.17,150.0,True
89618925b4bffff,2026-05-03 19:00:00,weekend,141.88,45.18,187.05,150.0,True
89618925b4bffff,2026-05-03 20:00:00,weekend,143.0,48.34,191.34,150.0,True
89618925b4bffff,2026-05-03 21:00:00,weekend,141.88,30.54,172.42,150.0,True
89618925b4bffff,2026-05-03 22:00:00,weekend,138.58,56.16,194.74,150.0,True
89618925b4bffff,2026-05-03 23:00:00,weekend,133.33,0.0,133.33,150.0,False
89618925b4bffff,2026-05-04 00:00:00,weekday,135.36,0.0,135.36,150.0,False
89618925b4bffff,2026-05-04 01:00:00,weekday,125.0,0.0,125.0,150.0,False
89618925b4bffff,2026-05-04 02:00:00,weekday,112.94,0.0,112.94,150.0,False
89618925b4bffff,2026-05-04 03:00:00,weekday,100.0,0.0,100.0,150.0,False
89618925b4bffff,2026-05-04 04:00:00,weekday,87.06,0.0,87.06,150.0,False
89618925b4bffff,2026-05-04 05:00:00,weekday,75.0,0.0,75.0,150.0,False
89618925b4bffff,2026-05-04 06:00:00,weekday,64.64,0.0,64.64,150.0,False
89618925b4bffff,2026-05-04 07:00:00,weekday,56.7,0.0,56.7,150.0,False
89618925b4bffff,2026-05-04 08:00:00,weekday,51.7,0.0,51.7,150.0,False
89618925b4bffff,2026-05-04 09:00:00,weekday,50.0,0.0,50.0,150.0,False
89618925b4bffff,2026-05-04 10:00:00,weekday,51.7,0.0,51.7,150.0,False
89618925b4bffff,2026-05-04 11:00:00,weekday,56.7,0.0,56.7,150.0,False
89618925b4bffff,2026-05-04 12:00:00,weekday,64.64,0.0,64.64,150.0,False
89618925b4bffff,2026-05-04 13:00:00,weekday,75.0,0.0,75.0,150.0,False
89618925b4bffff,2026-05-04 14:00:00,weekday,87.06,0.0,87.06,150.0,False
89618925b4bffff,2026-05-04 15:00:00,weekday,100.0,0.0,100.0,150.0,False
89618925b4bffff,2026-05-04 16:00:00,weekday,112.94,0.0,112.94,150.0,False
89618925b4bffff,2026-05-04 17:00:00,weekday,125.0,0.0,125.0,150.0,False
89618925b4bffff,2026-05-04 18:00:00,weekday,135.36,77.28,212.64,150.0,True
89618925b4bffff,2026-05-04 19:00:00,weekday,143.3,62.61,205.91,150.0,True
89618925b4bffff,2026-05-04 20:00:00,weekday,148.3,67.87,216.16,150.0,True
89618925b4bffff,2026-05-04 21:00:00,weekday,150.0,76.9,226.9,150.0,True
89618925b4bffff,2026-05-04 22:00:00,weekday,148.3,68.29,216.59,150.0,True
89618925b4bffff,2026-05-04 23:00:00,weekday,143.3,0.0,143.3,150.0,False
89618925b4bffff,2026-05-05 00:00:00,weekday,135.36,0.0,135.36,150.0,False
89618925b4bffff,2026-05-05 01:00:00,weekday,125.0,0.0,125.0,150.0,False
89618925b4bffff,2026-05-05 02:00:00,weekday,112.94,0.0,112.94,150.0,False
89618925b4bffff,2026-05-05 03:00:00,weekday,100.0,0.0,100.0,150.0,False
89618925b4bffff,2026-05-05 04:00:00,weekday,87.06,0.0,87.06,150.0,False
89618925b4bffff,2026-05-05 05:00:00,weekday,75.0,0.0,75.0,150.0,False
89618925b4bffff,2026-05-05 06:00:00,weekday,64.64,0.0,64.64,150.0,False
89618925b4bffff,2026-05-05 07:00:00,weekday,56.7,0.0,56.7,150.0,False
89618925b4bffff,2026-05-05 08:00:00,weekday,51.7,0.0,51.7,150.0,False
89618925b4bffff,2026-05-05 09:00:00,weekday,50.0,0.0,50.0,150.0,False
89618925b4bffff,2026-05-05 10:00:00,weekday,51.7,0.0,51.7,150.0,False
89618925b4bffff,2026-05-05 11:00:00,weekday,56.7,0.0,56.7,150.0,False
89618925b4bffff,2026-05-05 12:00:00,weekday,64.64,0.0,64.64,150.0,False
89618925b4bffff,2026-05-05 13:00:00,weekday,75.0,0.0,75.0,150.0,False
89618925b4bffff,2026-05-05 14:00:00,weekday,87.06,0.0,87.06,150.0,False
89618925b4bffff,2026-05-05 15:00:00,weekday,100.0,0.0,100.0,150.0,False
89618925b4bffff,2026-05-05 16:00:00,weekday,112.94,0.0,112.94,150.0,False
89618925b4bffff,2026-05-05 17:00:00,weekday,125.0,0.0,125.0,150.0,False
89618925b4bffff,2026-05-05 18:00:00,weekday,135.36,46.1,181.46,150.0,True
89618925b4bffff,2026-05-05 19:00:00,weekday,143.3,63.05,206.35,150.0,True
89618925b4bffff,2026-05-05 20:00:00,weekday,148.3,64.27,212.56,150.0,True
89618925b4bffff,2026-05-05 21:00:00,weekday,150.0,56.97,206.97,150.0,True
89618925b4bffff,2026-05-05 22:00:00,weekday,148.3,69.46,217.75,150.0,True
89618925b4bffff,2026-05-05 23:00:00,weekday,143.3,0.0,143.3,150.0,False
89618925b4bffff,2026-05-06 00:00:00,weekday,135.36,0.0,135.36,150.0,False
89618925b4bffff,2026-05-06 01:00:00,weekday,125.0,0.0,125.0,150.0,False
89618925b4bffff,2026-05-06 02:00:00,weekday,112.94,0.0,112.94,150.0,False
89618925b4bffff,2026-05-06 03:00:00,weekday,100.0,0.0,100.0,150.0,False
89618925b4bffff,2026-05-06 04:00:00,weekday,87.06,0.0,87.06,150.0,False
89618925b4bffff,2026-05-06 05:00:00,weekday,75.0,0.0,75.0,150.0,False
89618925b4bffff,2026-05-06 06:00:00,weekday,64.64,0.0,64.64,150.0,False
89618925b4bffff,2026-05-06 07:00:00,weekday,56.7,0.0,56.7,150.0,False
89618925b4bffff,2026-05-06 08:00:00,weekday,51.7,0.0,51.7,150.0,False
89618925b4bffff,2026-05-06 09:00:00,weekday,50.0,0.0,50.0,150.0,False
89618925b4bffff,2026-05-06 10:00:00,weekday,51.7,0.0,51.7,150.0,False
89618925b4bffff,2026-05-06 11:00:00,weekday,56.7,0.0,56.7,150.0,False
89618925b4bffff,2026-05-06 12:00:00,weekday,64.64,0.0,64.64,150.0,False
89618925b4bffff,2026-05-06 13:00:00,weekday,75.0,0.0,75.0,150.0,False
89618925b4bffff,2026-05-06 14:00:00,weekday,87.06,0.0,87.06,150.0,False
89618925b4bffff,2026-05-06 15:00:00,weekday,100.0,0.0,100.0,150.0,False
89618925b4bffff,2026-05-06 16:00:00,weekday,112.94,0.0,112.94,150.0,False
89618925b4bffff,2026-05-06 17:00:00,weekday,125.0,0.0,125.0,150.0,False
89618925b4bffff,2026-05-06 18:00:00,weekday,135.36,77.37,212.73,150.0,True
89618925b4bffff,2026-05-06 19:00:00,weekday,143.3,77.02,220.32,150.0,True
89618925b4bffff,2026-05-06 20:00:00,weekday,148.3,58.03,206.33,150.0,True
89618925b4bffff,2026-05-06 21:00:00,weekday,150.0,44.53,194.53,150.0,True
89618925b4bffff,2026-05-06 22:00:00,weekday,148.3,79.39,227.69,150.0,True
89618925b4bffff,2026-05-06 23:00:00,weekday,143.3,0.0,143.3,150.0,False
89618925b4bffff,2026-05-07 00:00:00,weekday,135.36,0.0,135.36,150.0,False
89618925b4bffff,2026-05-07 01:00:00,weekday,125.0,0.0,125.0,150.0,False
89618925b4bffff,2026-05-07 02:00:00,weekday,112.94,0.0,112.94,150.0,False
89618925b4bffff,2026-05-07 03:00:00,weekday,100.0,0.0,100.0,150.0,False
89618925b4bffff,2026-05-07 04:00:00,weekday,87.06,0.0,87.06,150.0,False
89618925b4bffff,2026-05-07 05:00:00,weekday,75.0,0.0,75.0,150.0,False
89618925b4bffff,2026-05-07 06:00:00,weekday,64.64,0.0,64.64,150.0,False
89618925b4bffff,2026-05-07 07:00:00,weekday,56.7,0.0,56.7,150.0,False
89618925b4bffff,2026-05-07 08:00:00,weekday,51.7,0.0,51.7,150.0,False
89618925b4bffff,2026-05-07 09:00:00,weekday,50.0,0.0,50.0,150.0,False
89618925b4bffff,2026-05-07 10:00:00,weekday,51.7,0.0,51.7,150.0,False
89618925b4bffff,2026-05-07 11:00:00,weekday,56.7,0.0,56.7,150.0,False
89618925b4bffff,2026-05-07 12:00:00,weekday,64.64,0.0,64.64,150.0,False
89618925b4bffff,2026-05-07 13:00:00,weekday,75.0,0.0,75.0,150.0,False
89618925b4bffff,2026-05-07 14:00:00,weekday,87.06,0.0,87.06,150.0,False
89618925b4bffff,2026-05-07 15:00:00,weekday,100.0,0.0,100.0,150.0,False
89618925b4bffff,2026-05-07 16:00:00,weekday,112.94,0.0,112.94,150.0,False
89618925b4bffff,2026-05-07 17:00:00,weekday,125.0,0.0,125.0,150.0,False
89618925b4bffff,2026-05-07 18:00:00,weekday,135.36,73.56,208.91,150.0,True
89618925b4bffff,2026-05-07 19:00:00,weekday,143.3,44.99,188.29,150.0,True
89618925b4bffff,2026-05-07 20:00:00,weekday,148.3,76.83,225.13,150.0,True
89618925b4bffff,2026-05-07 21:00:00,weekday,150.0,74.8,224.8,150.0,True
89618925b4bffff,2026-05-07 22:00:00,weekday,148.3,60.75,209.05,150.0,True
89618925b4bffff,2026-05-07 23:00:00,weekday,143.3,0.0,143.3,150.0,False
89618925b5bffff,2026-05-01 00:00:00,weekday,135.36,0.0,135.36,150.0,False
89618925b5bffff,2026-05-01 01:00:00,weekday,125.0,0.0,125.0,150.0,False
89618925b5bffff,2026-05-01 02:00:00,weekday,112.94,0.0,112.94,150.0,False
89618925b5bffff,2026-05-01 03:00:00,weekday,100.0,0.0,100.0,150.0,False
89618925b5bffff,2026-05-01 04:00:00,weekday,87.06,0.0,87.06,150.0,False
89618925b5bffff,2026-05-01 05:00:00,weekday,75.0,0.0,75.0,150.0,False
89618925b5bffff,2026-05-01 06:00:00,weekday,64.64,0.0,64.64,150.0,False
89618925b5bffff,2026-05-01 07:00:00,weekday,56.7,0.0,56.7,150.0,False
89618925b5bffff,2026-05-01 08:00:00,weekday,51.7,0.0,51.7,150.0,False
89618925b5bffff,2026-05-01 09:00:00,weekday,50.0,0.0,50.0,150.0,False
89618925b5bffff,2026-05-01 10:00:00,weekday,51.7,0.0,51.7,150.0,False
89618925b5bffff,2026-05-01 11:00:00,weekday,56.7,0.0,56.7,150.0,False
89618925b5bffff,2026-05-01 12:00:00,weekday,64.64,0.0,64.64,150.0,False
89618925b5bffff,2026-05-01 13:00:00,weekday,75.0,0.0,75.0,150.0,False
89618925b5bffff,2026-05-01 14:00:00,weekday,87.06,0.0,87.06,150.0,False
89618925b5bffff,2026-05-01 15:00:00,weekday,100.0,0.0,100.0,150.0,False
89618925b5bffff,2026-05-01 16:00:00,weekday,112.94,0.0,112.94,150.0,False
89618925b5bffff,2026-05-01 17:00:00,weekday,125.0,0.0,125.0,150.0,False
89618925b5bffff,2026-05-01 18:00:00,weekday,135.36,63.65,199.01,150.0,True
89618925b5bffff,2026-05-01 19:00:00,weekday,143.3,55.96,199.26,150.0,True
89618925b5bffff,2026-05-01 20:00:00,weekday,148.3,42.19,190.49,150.0,True
89618925b5bffff,2026-05-01 21:00:00,weekday,150.0,53.41,203.41,150.0,True
89618925b5bffff,2026-05-01 22:00:00,weekday,148.3,72.11,220.41,150.0,True
89618925b5bffff,2026-05-01 23:00:00,weekday,143.3,0.0,143.3,150.0,False
89618925b5bffff,2026-05-02 00:00:00,weekend,126.5,0.0,126.5,150.0,False
89618925b5bffff,2026-05-02 01:00:00,weekend,118.54,0.0,118.54,150.0,False
89618925b5bffff,2026-05-02 02:00:00,weekend,110.0,0.0,110.0,150.0,False
89618925b5bffff,2026-05-02 03:00:00,weekend,101.46,0.0,101.46,150.0,False
89618925b5bffff,2026-05-02 04:00:00,weekend,93.5,0.0,93.5,150.0,False
89618925b5bffff,2026-05-02 05:00:00,weekend,86.67,0.0,86.67,150.0,False
89618925b5bffff,2026-05-02 06:00:00,weekend,81.42,0.0,81.42,150.0,False
89618925b5bffff,2026-05-02 07:00:00,weekend,78.12,0.0,78.12,150.0,False
89618925b5bffff,2026-05-02 08:00:00,weekend,77.0,0.0,77.0,150.0,False
89618925b5bffff,2026-05-02 09:00:00,weekend,78.12,0.0,78.12,150.0,False
89618925b5bffff,2026-05-02 10:00:00,weekend,81.42,30.14,111.56,150.0,False
89618925b5bffff,2026-05-02 11:00:00,weekend,86.67,40.0,126.67,150.0,False
89618925b5bffff,2026-05-02 12:00:00,weekend,93.5,41.95,135.45,150.0,False
89618925b5bffff,2026-05-02 13:00:00,weekend,101.46,46.12,147.58,150.0,False
89618925b5bffff,2026-05-02 14:00:00,weekend,110.0,57.6,167.6,150.0,True
89618925b5bffff,2026-05-02 15:00:00,weekend,118.54,40.39,158.93,150.0,True
89618925b5bffff,2026-05-02 16:00:00,weekend,126.5,40.41,166.91,150.0,True
89618925b5bffff,2026-05-02 17:00:00,weekend,133.33,52.13,185.46,150.0,True
89618925b5bffff,2026-05-02 18:00:00,weekend,138.58,43.57,182.15,150.0,True
89618925b5bffff,2026-05-02 19:00:00,weekend,141.88,36.74,178.61,150.0,True
89618925b5bffff,2026-05-02 20:00:00,weekend,143.0,43.57,186.57,150.0,True
89618925b5bffff,2026-05-02 21:00:00,weekend,141.88,34.23,176.1,150.0,True
89618925b5bffff,2026-05-02 22:00:00,weekend,138.58,35.29,173.87,150.0,True
89618925b5bffff,2026-05-02 23:00:00,weekend,133.33,0.0,133.33,150.0,False
89618925b5bffff,2026-05-03 00:00:00,weekend,126.5,0.0,126.5,150.0,False
89618925b5bffff,2026-05-03 01:00:00,weekend,118.54,0.0,118.54,150.0,False
89618925b5bffff,2026-05-03 02:00:00,weekend,110.0,0.0,110.0,150.0,False
89618925b5bffff,2026-05-03 03:00:00,weekend,101.46,0.0,101.46,150.0,False
89618925b5bffff,2026-05-03 04:00:00,weekend,93.5,0.0,93.5,150.0,False
89618925b5bffff,2026-05-03 05:00:00,weekend,86.67,0.0,86.67,150.0,False
89618925b5bffff,2026-05-03 06:00:00,weekend,81.42,0.0,81.42,150.0,False
89618925b5bffff,2026-05-03 07:00:00,weekend,78.12,0.0,78.12,150.0,False
89618925b5bffff,2026-05-03 08:00:00,weekend,77.0,0.0,77.0,150.0,False
89618925b5bffff,2026-05-03 09:00:00,weekend,78.12,0.0,78.12,150.0,False
89618925b5bffff,2026-05-03 10:00:00,weekend,81.42,44.95,126.37,150.0,False
89618925b5bffff,2026-05-03 11:00:00,weekend,86.67,42.57,129.23,150.0,False
89618925b5bffff,2026-05-03 12:00:00,weekend,93.5,57.45,150.95,150.0,True
89618925b5bffff,2026-05-03 13:00:00,weekend,101.46,40.87,142.33,150.0,False
89618925b5bffff,2026-05-03 14:00:00,weekend,110.0,47.42,157.42,150.0,True
89618925b5bffff,2026-05-03 15:00:00,weekend,118.54,48.97,167.51,150.0,True
89618925b5bffff,2026-05-03 16:00:00,weekend,126.5,30.39,156.89,150.0,True
89618925b5bffff,2026-05-03 17:00:00,weekend,133.33,49.91,183.24,150.0,True
89618925b5bffff,2026-05-03 18:00:00,weekend,138.58,35.34,173.92,150.0,True
89618925b5bffff,2026-05-03 19:00:00,weekend,141.88,58.83,200.71,150.0,True
89618925b5bffff,2026-05-03 20:00:00,weekend,143.0,34.46,177.46,150.0,True
89618925b5bffff,2026-05-03 21:00:00,weekend,141.88,42.44,184.31,150.0,True
89618925b5bffff,2026-05-03 22:00:00,weekend,138.58,32.56,171.14,150.0,True
89618925b5bffff,2026-05-03 23:00:00,weekend,133.33,0.0,133.33,150.0,False
89618925b5bffff,2026-05-04 00:00:00,weekday,135.36,0.0,135.36,150.0,False
89618925b5bffff,2026-05-04 01:00:00,weekday,125.0,0.0,125.0,150.0,False
89618925b5bffff,2026-05-04 02:00:00,weekday,112.94,0.0,112.94,150.0,False
89618925b5bffff,2026-05-04 03:00:00,weekday,100.0,0.0,100.0,150.0,False
89618925b5bffff,2026-05-04 04:00:00,weekday,87.06,0.0,87.06,150.0,False
89618925b5bffff,2026-05-04 05:00:00,weekday,75.0,0.0,75.0,150.0,False
89618925b5bffff,2026-05-04 06:00:00,weekday,64.64,0.0,64.64,150.0,False
89618925b5bffff,2026-05-04 07:00:00,weekday,56.7,0.0,56.7,150.0,False
89618925b5bffff,2026-05-04 08:00:00,weekday,51.7,0.0,51.7,150.0,False
89618925b5bffff,2026-05-04 09:00:00,weekday,50.0,0.0,50.0,150.0,False
89618925b5bffff,2026-05-04 10:00:00,weekday,51.7,0.0,51.7,150.0,False
89618925b5bffff,2026-05-04 11:00:00,weekday,56.7,0.0,56.7,150.0,False
89618925b5bffff,2026-05-04 12:00:00,weekday,64.64,0.0,64.64,150.0,False
89618925b5bffff,2026-05-04 13:00:00,weekday,75.0,0.0,75.0,150.0,False
89618925b5bffff,2026-05-04 14:00:00,weekday,87.06,0.0,87.06,150.0,False
89618925b5bffff,2026-05-04 15:00:00,weekday,100.0,0.0,100.0,150.0,False
89618925b5bffff,2026-05-04 16:00:00,weekday,112.94,0.0,112.94,150.0,False
89618925b5bffff,2026-05-04 17:00:00,weekday,125.0,0.0,125.0,150.0,False
89618925b5bffff,2026-05-04 18:00:00,weekday,135.36,79.87,215.23,150.0,True
89618925b5bffff,2026-05-04 19:00:00,weekday,143.3,60.09,203.39,150.0,True
89618925b5bffff,2026-05-04 20:00:00,weekday,148.3,63.82,212.11,150.0,True
89618925b5bffff,2026-05-04 21:00:00,weekday,150.0,42.68,192.68,150.0,True
89618925b5bffff,2026-05-04 22:00:00,weekday,148.3,70.0,218.29,150.0,True
89618925b5bffff,2026-05-04 23:00:00,weekday,143.3,0.0,143.3,150.0,False
89618925b5bffff,2026-05-05 00:00:00,weekday,135.36,0.0,135.36,150.0,False
89618925b5bffff,2026-05-05 01:00:00,weekday,125.0,0.0,125.0,150.0,False
89618925b5bffff,2026-05-05 02:00:00,weekday,112.94,0.0,112.94,150.0,False
89618925b5bffff,2026-05-05 03:00:00,weekday,100.0,0.0,100.0,150.0,False
89618925b5bffff,2026-05-05 04:00:00,weekday,87.06,0.0,87.06,150.0,False
89618925b5bffff,2026-05-05 05:00:00,weekday,75.0,0.0,75.0,150.0,False
89618925b5bffff,2026-05-05 06:00:00,weekday,64.64,0.0,64.64,150.0,False
89618925b5bffff,2026-05-05 07:00:00,weekday,56.7,0.0,56.7,150.0,False
89618925b5bffff,2026-05-05 08:00:00,weekday,51.7,0.0,51.7,150.0,False
89618925b5bffff,2026-05-05 09:00:00,weekday,50.0,0.0,50.0,150.0,False
89618925b5bffff,2026-05-05 10:00:00,weekday,51.7,0.0,51.7,150.0,False
89618925b5bffff,2026-05-05 11:00:00,weekday,56.7,0.0,56.7,150.0,False
89618925b5bffff,2026-05-05 12:00:00,weekday,64.64,0.0,64.64,150.0,False
89618925b5bffff,2026-05-05 13:00:00,weekday,75.0,0.0,75.0,150.0,False
89618925b5bffff,2026-05-05 14:00:00,weekday,87.06,0.0,87.06,150.0,False
89618925b5bffff,2026-05-05 15:00:00,weekday,100.0,0.0,100.0,150.0,False
89618925b5bffff,2026-05-05 16:00:00,weekday,112.94,0.0,112.94,150.0,False
89618925b5bffff,2026-05-05 17:00:00,weekday,125.0,0.0,125.0,150.0,False
89618925b5bffff,2026-05-05 18:00:00,weekday,135.36,48.4,183.75,150.0,True
89618925b5bffff,2026-05-05 19:00:00,weekday,143.3,75.92,219.22,150.0,True
89618925b5bffff,2026-05-05 20:00:00,weekday,148.3,48.21,196.5,150.0,True
89618925b5bffff,2026-05-05 21:00:00,weekday,150.0,47.63,197.63,150.0,True
89618925b5bffff,2026-05-05 22:00:00,weekday,148.3,41.46,189.76,150.0,True
89618925b5bffff,2026-05-05 23:00:00,weekday,143.3,0.0,143.3,150.0,False
89618925b5bffff,2026-05-06 00:00:00,weekday,135.36,0.0,135.36,150.0,False
89618925b5bffff,2026-05-06 01:00:00,weekday,125.0,0.0,125.0,150.0,False
89618925b5bffff,2026-05-06 02:00:00,weekday,112.94,0.0,112.94,150.0,False
89618925b5bffff,2026-05-06 03:00:00,weekday,100.0,0.0,100.0,150.0,False
89618925b5bffff,2026-05-06 04:00:00,weekday,87.06,0.0,87.06,150.0,False
89618925b5bffff,2026-05-06 05:00:00,weekday,75.0,0.0,75.0,150.0,False
89618925b5bffff,2026-05-06 06:00:00,weekday,64.64,0.0,64.64,150.0,False
89618925b5bffff,2026-05-06 07:00:00,weekday,56.7,0.0,56.7,150.0,False
89618925b5bffff,2026-05-06 08:00:00,weekday,51.7,0.0,51.7,150.0,False
89618925b5bffff,2026-05-06 09:00:00,weekday,50.0,0.0,50.0,150.0,False
89618925b5bffff,2026-05-06 10:00:00,weekday,51.7,0.0,51.7,150.0,False
89618925b5bffff,2026-05-06 11:00:00,weekday,56.7,0.0,56.7,150.0,False
89618925b5bffff,2026-05-06 12:00:00,weekday,64.64,0.0,64.64,150.0,False
89618925b5bffff,2026-05-06 13:00:00,weekday,75.0,0.0,75.0,150.0,False
89618925b5bffff,2026-05-06 14:00:00,weekday,87.06,0.0,87.06,150.0,False
89618925b5bffff,2026-05-06 15:00:00,weekday,100.0,0.0,100.0,150.0,False
89618925b5bffff,2026-05-06 16:00:00,weekday,112.94,0.0,112.94,150.0,False
89618925b5bffff,2026-05-06 17:00:00,weekday,125.0,0.0,125.0,150.0,False
89618925b5bffff,2026-05-06 18:00:00,weekday,135.36,58.88,194.24,150.0,True
89618925b5bffff,2026-05-06 19:00:00,weekday,143.3,62.59,205.89,150.0,True
89618925b5bffff,2026-05-06 20:00:00,weekday,148.3,42.63,190.92,150.0,True
89618925b5bffff,2026-05-06 21:00:00,weekday,150.0,71.02,221.02,150.0,True
89618925b5bffff,2026-05-06 22:00:00,weekday,148.3,58.13,206.43,150.0,True
89618925b5bffff,2026-05-06 23:00:00,weekday,143.3,0.0,143.3,150.0,False
89618925b5bffff,2026-05-07 00:00:00,weekday,135.36,0.0,135.36,150.0,False
89618925b5bffff,2026-05-07 01:00:00,weekday,125.0,0.0,125.0,150.0,False
89618925b5bffff,2026-05-07 02:00:00,weekday,112.94,0.0,112.94,150.0,False
89618925b5bffff,2026-05-07 03:00:00,weekday,100.0,0.0,100.0,150.0,False
89618925b5bffff,2026-05-07 04:00:00,weekday,87.06,0.0,87.06,150.0,False
89618925b5bffff,2026-05-07 05:00:00,weekday,75.0,0.0,75.0,150.0,False
89618925b5bffff,2026-05-07 06:00:00,weekday,64.64,0.0,64.64,150.0,False
89618925b5bffff,2026-05-07 07:00:00,weekday,56.7,0.0,56.7,150.0,False
89618925b5bffff,2026-05-07 08:00:00,weekday,51.7,0.0,51.7,150.0,False
89618925b5bffff,2026-05-07 09:00:00,weekday,50.0,0.0,50.0,150.0,False
89618925b5bffff,2026-05-07 10:00:00,weekday,51.7,0.0,51.7,150.0,False
89618925b5bffff,2026-05-07 11:00:00,weekday,56.7,0.0,56.7,150.0,False
89618925b5bffff,2026-05-07 12:00:00,weekday,64.64,0.0,64.64,150.0,False
89618925b5bffff,2026-05-07 13:00:00,weekday,75.0,0.0,75.0,150.0,False
89618925b5bffff,2026-05-07 14:00:00,weekday,87.06,0.0,87.06,150.0,False
89618925b5bffff,2026-05-07 15:00:00,weekday,100.0,0.0,100.0,150.0,False
89618925b5bffff,2026-05-07 16:00:00,weekday,112.94,0.0,112.94,150.0,False
89618925b5bffff,2026-05-07 17:00:00,weekday,125.0,0.0,125.0,150.0,False
89618925b5bffff,2026-05-07 18:00:00,weekday,135.36,60.98,196.33,150.0,True
89618925b5bffff,2026-05-07 19:00:00,weekday,143.3,57.63,200.93,150.0,True
89618925b5bffff,2026-05-07 20:00:00,weekday,148.3,56.03,204.33,150.0,True
89618925b5bffff,2026-05-07 21:00:00,weekday,150.0,62.39,212.39,150.0,True
89618925b5bffff,2026-05-07 22:00:00,weekday,148.3,46.21,194.51,150.0,True
89618925b5bffff,2026-05-07 23:00:00,weekday,143.3,0.0,143.3,150.0,False
89618925a2fffff,2026-05-01 00:00:00,weekday,135.36,0.0,135.36,150.0,False
89618925a2fffff,2026-05-01 01:00:00,weekday,125.0,0.0,125.0,150.0,False
89618925a2fffff,2026-05-01 02:00:00,weekday,112.94,0.0,112.94,150.0,False
89618925a2fffff,2026-05-01 03:00:00,weekday,100.0,0.0,100.0,150.0,False
89618925a2fffff,2026-05-01 04:00:00,weekday,87.06,0.0,87.06,150.0,False
89618925a2fffff,2026-05-01 05:00:00,weekday,75.0,0.0,75.0,150.0,False
89618925a2fffff,2026-05-01 06:00:00,weekday,64.64,0.0,64.64,150.0,False
89618925a2fffff,2026-05-01 07:00:00,weekday,56.7,0.0,56.7,150.0,False
89618925a2fffff,2026-05-01 08:00:00,weekday,51.7,0.0,51.7,150.0,False
89618925a2fffff,2026-05-01 09:00:00,weekday,50.0,0.0,50.0,150.0,False
89618925a2fffff,2026-05-01 10:00:00,weekday,51.7,0.0,51.7,150.0,False
89618925a2fffff,2026-05-01 11:00:00,weekday,56.7,0.0,56.7,150.0,False
89618925a2fffff,2026-05-01 12:00:00,weekday,64.64,0.0,64.64,150.0,False
89618925a2fffff,2026-05-01 13:00:00,weekday,75.0,0.0,75.0,150.0,False
89618925a2fffff,2026-05-01 14:00:00,weekday,87.06,0.0,87.06,150.0,False
89618925a2fffff,2026-05-01 15:00:00,weekday,100.0,0.0,100.0,150.0,False
89618925a2fffff,2026-05-01 16:00:00,weekday,112.94,0.0,112.94,150.0,False
89618925a2fffff,2026-05-01 17:00:00,weekday,125.0,0.0,125.0,150.0,False
89618925a2fffff,2026-05-01 18:00:00,weekday,135.36,47.28,182.63,150.0,True
89618925a2fffff,2026-05-01 19:00:00,weekday,143.3,74.47,217.77,150.0,True
89618925a2fffff,2026-05-01 20:00:00,weekday,148.3,77.84,226.14,150.0,True
89618925a2fffff,2026-05-01 21:00:00,weekday,150.0,54.93,204.93,150.0,True
89618925a2fffff,2026-05-01 22:00:00,weekday,148.3,50.83,199.13,150.0,True
89618925a2fffff,2026-05-01 23:00:00,weekday,143.3,0.0,143.3,150.0,False
89618925a2fffff,2026-05-02 00:00:00,weekend,126.5,0.0,126.5,150.0,False
89618925a2fffff,2026-05-02 01:00:00,weekend,118.54,0.0,118.54,150.0,False
89618925a2fffff,2026-05-02 02:00:00,weekend,110.0,0.0,110.0,150.0,False
89618925a2fffff,2026-05-02 03:00:00,weekend,101.46,0.0,101.46,150.0,False
89618925a2fffff,2026-05-02 04:00:00,weekend,93.5,0.0,93.5,150.0,False
89618925a2fffff,2026-05-02 05:00:00,weekend,86.67,0.0,86.67,150.0,False
89618925a2fffff,2026-05-02 06:00:00,weekend,81.42,0.0,81.42,150.0,False
89618925a2fffff,2026-05-02 07:00:00,weekend,78.12,0.0,78.12,150.0,False
89618925a2fffff,2026-05-02 08:00:00,weekend,77.0,0.0,77.0,150.0,False
89618925a2fffff,2026-05-02 09:00:00,weekend,78.12,0.0,78.12,150.0,False
89618925a2fffff,2026-05-02 10:00:00,weekend,81.42,49.32,130.74,150.0,False
89618925a2fffff,2026-05-02 11:00:00,weekend,86.67,42.26,128.93,150.0,False
89618925a2fffff,2026-05-02 12:00:00,weekend,93.5,30.76,124.26,150.0,False
89618925a2fffff,2026-05-02 13:00:00,weekend,101.46,34.68,136.14,150.0,False
89618925a2fffff,2026-05-02 14:00:00,weekend,110.0,51.48,161.48,150.0,True
89618925a2fffff,2026-05-02 15:00:00,weekend,118.54,49.77,168.31,150.0,True
89618925a2fffff,2026-05-02 16:00:00,weekend,126.5,30.81,157.31,150.0,True
89618925a2fffff,2026-05-02 17:00:00,weekend,133.33,36.66,169.99,150.0,True
89618925a2fffff,2026-05-02 18:00:00,weekend,138.58,36.93,175.51,150.0,True
89618925a2fffff,2026-05-02 19:00:00,weekend,141.88,50.16,192.03,150.0,True
89618925a2fffff,2026-05-02 20:00:00,weekend,143.0,30.59,173.59,150.0,True
89618925a2fffff,2026-05-02 21:00:00,weekend,141.88,33.12,175.0,150.0,True
89618925a2fffff,2026-05-02 22:00:00,weekend,138.58,54.0,192.58,150.0,True
89618925a2fffff,2026-05-02 23:00:00,weekend,133.33,0.0,133.33,150.0,False
89618925a2fffff,2026-05-03 00:00:00,weekend,126.5,0.0,126.5,150.0,False
89618925a2fffff,2026-05-03 01:00:00,weekend,118.54,0.0,118.54,150.0,False
89618925a2fffff,2026-05-03 02:00:00,weekend,110.0,0.0,110.0,150.0,False
89618925a2fffff,2026-05-03 03:00:00,weekend,101.46,0.0,101.46,150.0,False
89618925a2fffff,2026-05-03 04:00:00,weekend,93.5,0.0,93.5,150.0,False
89618925a2fffff,2026-05-03 05:00:00,weekend,86.67,0.0,86.67,150.0,False
89618925a2fffff,2026-05-03 06:00:00,weekend,81.42,0.0,81.42,150.0,False
89618925a2fffff,2026-05-03 07:00:00,weekend,78.12,0.0,78.12,150.0,False
89618925a2fffff,2026-05-03 08:00:00,weekend,77.0,0.0,77.0,150.0,False
89618925a2fffff,2026-05-03 09:00:00,weekend,78.12,0.0,78.12,150.0,False
89618925a2fffff,2026-05-03 10:00:00,weekend,81.42,35.36,116.78,150.0,False
89618925a2fffff,2026-05-03 11:00:00,weekend,86.67,49.58,136.25,150.0,False
89618925a2fffff,2026-05-03 12:00:00,weekend,93.5,37.15,130.65,150.0,False
89618925a2fffff,2026-05-03 13:00:00,weekend,101.46,32.98,134.44,150.0,False
89618925a2fffff,2026-05-03 14:00:00,weekend,110.0,37.3,147.3,150.0,False
89618925a2fffff,2026-05-03 15:00:00,weekend,118.54,51.67,170.21,150.0,True
89618925a2fffff,2026-05-03 16:00:00,weekend,126.5,55.67,182.17,150.0,True
89618925a2fffff,2026-05-03 17:00:00,weekend,133.33,54.91,188.24,150.0,True
89618925a2fffff,2026-05-03 18:00:00,weekend,138.58,41.92,180.49,150.0,True
89618925a2fffff,2026-05-03 19:00:00,weekend,141.88,50.04,191.92,150.0,True
89618925a2fffff,2026-05-03 20:00:00,weekend,143.0,36.15,179.15,150.0,True
89618925a2fffff,2026-05-03 21:00:00,weekend,141.88,38.79,180.67,150.0,True
89618925a2fffff,2026-05-03 22:00:00,weekend,138.58,56.89,195.47,150.0,True
89618925a2fffff,2026-05-03 23:00:00,weekend,133.33,0.0,133.33,150.0,False
89618925a2fffff,2026-05-04 00:00:00,weekday,135.36,0.0,135.36,150.0,False
89618925a2fffff,2026-05-04 01:00:00,weekday,125.0,0.0,125.0,150.0,False
89618925a2fffff,2026-05-04 02:00:00,weekday,112.94,0.0,112.94,150.0,False
89618925a2fffff,2026-05-04 03:00:00,weekday,100.0,0.0,100.0,150.0,False
89618925a2fffff,2026-05-04 04:00:00,weekday,87.06,0.0,87.06,150.0,False
89618925a2fffff,2026-05-04 05:00:00,weekday,75.0,0.0,75.0,150.0,False
89618925a2fffff,2026-05-04 06:00:00,weekday,64.64,0.0,64.64,150.0,False
89618925a2fffff,2026-05-04 07:00:00,weekday,56.7,0.0,56.7,150.0,False
89618925a2fffff,2026-05-04 08:00:00,weekday,51.7,0.0,51.7,150.0,False
89618925a2fffff,2026-05-04 09:00:00,weekday,50.0,0.0,50.0,150.0,False
89618925a2fffff,2026-05-04 10:00:00,weekday,51.7,0.0,51.7,150.0,False
89618925a2fffff,2026-05-04 11:00:00,weekday,56.7,0.0,56.7,150.0,False
89618925a2fffff,2026-05-04 12:00:00,weekday,64.64,0.0,64.64,150.0,False
89618925a2fffff,2026-05-04 13:00:00,weekday,75.0,0.0,75.0,150.0,False
89618925a2fffff,2026-05-04 14:00:00,weekday,87.06,0.0,87.06,150.0,False
89618925a2fffff,2026-05-04 15:00:00,weekday,100.0,0.0,100.0,150.0,False
89618925a2fffff,2026-05-04 16:00:00,weekday,112.94,0.0,112.94,150.0,False
89618925a2fffff,2026-05-04 17:00:00,weekday,125.0,0.0,125.0,150.0,False
89618925a2fffff,2026-05-04 18:00:00,weekday,135.36,40.52,175.88,150.0,True
89618925a2fffff,2026-05-04 19:00:00,weekday,143.3,43.42,186.72,150.0,True
89618925a2fffff,2026-05-04 20:00:00,weekday,148.3,48.32,196.61,150.0,True
89618925a2fffff,2026-05-04 21:00:00,weekday,150.0,41.06,191.06,150.0,True
89618925a2fffff,2026-05-04 22:00:00,weekday,148.3,47.26,195.55,150.0,True
89618925a2fffff,2026-05-04 23:00:00,weekday,143.3,0.0,143.3,150.0,False
89618925a2fffff,2026-05-05 00:00:00,weekday,135.36,0.0,135.36,150.0,False
89618925a2fffff,2026-05-05 01:00:00,weekday,125.0,0.0,125.0,150.0,False
89618925a2fffff,2026-05-05 02:00:00,weekday,112.94,0.0,112.94,150.0,False
89618925a2fffff,2026-05-05 03:00:00,weekday,100.0,0.0,100.0,150.0,False
89618925a2fffff,2026-05-05 04:00:00,weekday,87.06,0.0,87.06,150.0,False
89618925a2fffff,2026-05-05 05:00:00,weekday,75.0,0.0,75.0,150.0,False
89618925a2fffff,2026-05-05 06:00:00,weekday,64.64,0.0,64.64,150.0,False
89618925a2fffff,2026-05-05 07:00:00,weekday,56.7,0.0,56.7,150.0,False
89618925a2fffff,2026-05-05 08:00:00,weekday,51.7,0.0,51.7,150.0,False
89618925a2fffff,2026-05-05 09:00:00,weekday,50.0,0.0,50.0,150.0,False
89618925a2fffff,2026-05-05 10:00:00,weekday,51.7,0.0,51.7,150.0,False
89618925a2fffff,2026-05-05 11:00:00,weekday,56.7,0.0,56.7,150.0,False
89618925a2fffff,2026-05-05 12:00:00,weekday,64.64,0.0,64.64,150.0,False
89618925a2fffff,2026-05-05 13:00:00,weekday,75.0,0.0,75.0,150.0,False
89618925a2fffff,2026-05-05 14:00:00,weekday,87.06,0.0,87.06,150.0,False
89618925a2fffff,2026-05-05 15:00:00,weekday,100.0,0.0,100.0,150.0,False
89618925a2fffff,2026-05-05 16:00:00,weekday,112.94,0.0,112.94,150.0,False
89618925a2fffff,2026-05-05 17:00:00,weekday,125.0,0.0,125.0,150.0,False
89618925a2fffff,2026-05-05 18:00:00,weekday,135.36,63.32,198.68,150.0,True
89618925a2fffff,2026-05-05 19:00:00,weekday,143.3,56.86,200.16,150.0,True
89618925a2fffff,2026-05-05 20:00:00,weekday,148.3,75.71,224.0,150.0,True
89618925a2fffff,2026-05-05 21:00:00,weekday,150.0,72.7,222.7,150.0,True
89618925a2fffff,2026-05-05 22:00:00,weekday,148.3,53.67,201.97,150.0,True
89618925a2fffff,2026-05-05 23:00:00,weekday,143.3,0.0,143.3,150.0,False
89618925a2fffff,2026-05-06 00:00:00,weekday,135.36,0.0,135.36,150.0,False
89618925a2fffff,2026-05-06 01:00:00,weekday,125.0,0.0,125.0,150.0,False
89618925a2fffff,2026-05-06 02:00:00,weekday,112.94,0.0,112.94,150.0,False
89618925a2fffff,2026-05-06 03:00:00,weekday,100.0,0.0,100.0,150.0,False
89618925a2fffff,2026-05-06 04:00:00,weekday,87.06,0.0,87.06,150.0,False
89618925a2fffff,2026-05-06 05:00:00,weekday,75.0,0.0,75.0,150.0,False
89618925a2fffff,2026-05-06 06:00:00,weekday,64.64,0.0,64.64,150.0,False
89618925a2fffff,2026-05-06 07:00:00,weekday,56.7,0.0,56.7,150.0,False
89618925a2fffff,2026-05-06 08:00:00,weekday,51.7,0.0,51.7,150.0,False
89618925a2fffff,2026-05-06 09:00:00,weekday,50.0,0.0,50.0,150.0,False
89618925a2fffff,2026-05-06 10:00:00,weekday,51.7,0.0,51.7,150.0,False
89618925a2fffff,2026-05-06 11:00:00,weekday,56.7,0.0,56.7,150.0,False
89618925a2fffff,2026-05-06 12:00:00,weekday,64.64,0.0,64.64,150.0,False
89618925a2fffff,2026-05-06 13:00:00,weekday,75.0,0.0,75.0,150.0,False
89618925a2fffff,2026-05-06 14:00:00,weekday,87.06,0.0,87.06,150.0,False
89618925a2fffff,2026-05-06 15:00:00,weekday,100.0,0.0,100.0,150.0,False
89618925a2fffff,2026-05-06 16:00:00,weekday,112.94,0.0,112.94,150.0,False
89618925a2fffff,2026-05-06 17:00:00,weekday,125.0,0.0,125.0,150.0,False
89618925a2fffff,2026-05-06 18:00:00,weekday,135.36,50.38,185.73,150.0,True
89618925a2fffff,2026-05-06 19:00:00,weekday,143.3,55.19,198.49,150.0,True
89618925a2fffff,2026-05-06 20:00:00,weekday,148.3,63.61,211.91,150.0,True
89618925a2fffff,2026-05-06 21:00:00,weekday,150.0,50.72,200.72,150.0,True
89618925a2fffff,2026-05-06 22:00:00,weekday,148.3,64.97,213.26,150.0,True
89618925a2fffff,2026-05-06 23:00:00,weekday,143.3,0.0,143.3,150.0,False
89618925a2fffff,2026-05-07 00:00:00,weekday,135.36,0.0,135.36,150.0,False
89618925a2fffff,2026-05-07 01:00:00,weekday,125.0,0.0,125.0,150.0,False
89618925a2fffff,2026-05-07 02:00:00,weekday,112.94,0.0,112.94,150.0,False
89618925a2fffff,2026-05-07 03:00:00,weekday,100.0,0.0,100.0,150.0,False
89618925a2fffff,2026-05-07 04:00:00,weekday,87.06,0.0,87.06,150.0,False
89618925a2fffff,2026-05-07 05:00:00,weekday,75.0,0.0,75.0,150.0,False
89618925a2fffff,2026-05-07 06:00:00,weekday,64.64,0.0,64.64,150.0,False
89618925a2fffff,2026-05-07 07:00:00,weekday,56.7,0.0,56.7,150.0,False
89618925a2fffff,2026-05-07 08:00:00,weekday,51.7,0.0,51.7,150.0,False
89618925a2fffff,2026-05-07 09:00:00,weekday,50.0,0.0,50.0,150.0,False
89618925a2fffff,2026-05-07 10:00:00,weekday,51.7,0.0,51.7,150.0,False
89618925a2fffff,2026-05-07 11:00:00,weekday,56.7,0.0,56.7,150.0,False
89618925a2fffff,2026-05-07 12:00:00,weekday,64.64,0.0,64.64,150.0,False
89618925a2fffff,2026-05-07 13:00:00,weekday,75.0,0.0,75.0,150.0,False
89618925a2fffff,2026-05-07 14:00:00,weekday,87.06,0.0,87.06,150.0,False
89618925a2fffff,2026-05-07 15:00:00,weekday,100.0,0.0,100.0,150.0,False
89618925a2fffff,2026-05-07 16:00:00,weekday,112.94,0.0,112.94,150.0,False
89618925a2fffff,2026-05-07 17:00:00,weekday,125.0,0.0,125.0,150.0,False
89618925a2fffff,2026-05-07 18:00:00,weekday,135.36,56.38,191.73,150.0,True
89618925a2fffff,2026-05-07 19:00:00,weekday,143.3,62.08,205.38,150.0,True
89618925a2fffff,2026-05-07 20:00:00,weekday,148.3,57.45,205.74,150.0,True
89618925a2fffff,2026-05-07 21:00:00,weekday,150.0,51.78,201.78,150.0,True
89618925a2fffff,2026-05-07 22:00:00,weekday,148.3,77.94,226.23,150.0,True
89618925a2fffff,2026-05-07 23:00:00,weekday,143.3,0.0,143.3,150.0,False
89618925a2bffff,2026-05-01 00:00:00,weekday,135.36,0.0,135.36,150.0,False
89618925a2bffff,2026-05-01 01:00:00,weekday,125.0,0.0,125.0,150.0,False
89618925a2bffff,2026-05-01 02:00:00,weekday,112.94,0.0,112.94,150.0,False
89618925a2bffff,2026-05-01 03:00:00,weekday,100.0,0.0,100.0,150.0,False
89618925a2bffff,2026-05-01 04:00:00,weekday,87.06,0.0,87.06,150.0,False
89618925a2bffff,2026-05-01 05:00:00,weekday,75.0,0.0,75.0,150.0,False
89618925a2bffff,2026-05-01 06:00:00,weekday,64.64,0.0,64.64,150.0,False
89618925a2bffff,2026-05-01 07:00:00,weekday,56.7,0.0,56.7,150.0,False
89618925a2bffff,2026-05-01 08:00:00,weekday,51.7,0.0,51.7,150.0,False
89618925a2bffff,2026-05-01 09:00:00,weekday,50.0,0.0,50.0,150.0,False
89618925a2bffff,2026-05-01 10:00:00,weekday,51.7,0.0,51.7,150.0,False
89618925a2bffff,2026-05-01 11:00:00,weekday,56.7,0.0,56.7,150.0,False
89618925a2bffff,2026-05-01 12:00:00,weekday,64.64,0.0,64.64,150.0,False
89618925a2bffff,2026-05-01 13:00:00,weekday,75.0,0.0,75.0,150.0,False
89618925a2bffff,2026-05-01 14:00:00,weekday,87.06,0.0,87.06,150.0,False
89618925a2bffff,2026-05-01 15:00:00,weekday,100.0,0.0,100.0,150.0,False
89618925a2bffff,2026-05-01 16:00:00,weekday,112.94,0.0,112.94,150.0,False
89618925a2bffff,2026-05-01 17:00:00,weekday,125.0,0.0,125.0,150.0,False
89618925a2bffff,2026-05-01 18:00:00,weekday,135.36,70.54,205.9,150.0,True
89618925a2bffff,2026-05-01 19:00:00,weekday,143.3,45.6,188.91,150.0,True
89618925a2bffff,2026-05-01 20:00:00,weekday,148.3,74.74,223.04,150.0,True
89618925a2bffff,2026-05-01 21:00:00,weekday,150.0,59.5,209.5,150.0,True
89618925a2bffff,2026-05-01 22:00:00,weekday,148.3,75.78,224.08,150.0,True
89618925a2bffff,2026-05-01 23:00:00,weekday,143.3,0.0,143.3,150.0,False
89618925a2bffff,2026-05-02 00:00:00,weekend,126.5,0.0,126.5,150.0,False
89618925a2bffff,2026-05-02 01:00:00,weekend,118.54,0.0,118.54,150.0,False
89618925a2bffff,2026-05-02 02:00:00,weekend,110.0,0.0,110.0,150.0,False
89618925a2bffff,2026-05-02 03:00:00,weekend,101.46,0.0,101.46,150.0,False
89618925a2bffff,2026-05-02 04:00:00,weekend,93.5,0.0,93.5,150.0,False
89618925a2bffff,2026-05-02 05:00:00,weekend,86.67,0.0,86.67,150.0,False
89618925a2bffff,2026-05-02 06:00:00,weekend,81.42,0.0,81.42,150.0,False
89618925a2bffff,2026-05-02 07:00:00,weekend,78.12,0.0,78.12,150.0,False
89618925a2bffff,2026-05-02 08:00:00,weekend,77.0,0.0,77.0,150.0,False
89618925a2bffff,2026-05-02 09:00:00,weekend,78.12,0.0,78.12,150.0,False
89618925a2bffff,2026-05-02 10:00:00,weekend,81.42,54.0,135.42,150.0,False
89618925a2bffff,2026-05-02 11:00:00,weekend,86.67,42.76,129.42,150.0,False
89618925a2bffff,2026-05-02 12:00:00,weekend,93.5,30.67,124.17,150.0,False
89618925a2bffff,2026-05-02 13:00:00,weekend,101.46,38.06,139.52,150.0,False
89618925a2bffff,2026-05-02 14:00:00,weekend,110.0,46.25,156.25,150.0,True
89618925a2bffff,2026-05-02 15:00:00,weekend,118.54,49.0,167.55,150.0,True
89618925a2bffff,2026-05-02 16:00:00,weekend,126.5,37.74,164.24,150.0,True
89618925a2bffff,2026-05-02 17:00:00,weekend,133.33,34.18,167.52,150.0,True
89618925a2bffff,2026-05-02 18:00:00,weekend,138.58,55.05,193.63,150.0,True
89618925a2bffff,2026-05-02 19:00:00,weekend,141.88,59.53,201.41,150.0,True
89618925a2bffff,2026-05-02 20:00:00,weekend,143.0,45.77,188.77,150.0,True
89618925a2bffff,2026-05-02 21:00:00,weekend,141.88,35.15,177.03,150.0,True
89618925a2bffff,2026-05-02 22:00:00,weekend,138.58,38.17,176.75,150.0,True
89618925a2bffff,2026-05-02 23:00:00,weekend,133.33,0.0,133.33,150.0,False
89618925a2bffff,2026-05-03 00:00:00,weekend,126.5,0.0,126.5,150.0,False
89618925a2bffff,2026-05-03 01:00:00,weekend,118.54,0.0,118.54,150.0,False
89618925a2bffff,2026-05-03 02:00:00,weekend,110.0,0.0,110.0,150.0,False
89618925a2bffff,2026-05-03 03:00:00,weekend,101.46,0.0,101.46,150.0,False
89618925a2bffff,2026-05-03 04:00:00,weekend,93.5,0.0,93.5,150.0,False
89618925a2bffff,2026-05-03 05:00:00,weekend,86.67,0.0,86.67,150.0,False
89618925a2bffff,2026-05-03 06:00:00,weekend,81.42,0.0,81.42,150.0,False
89618925a2bffff,2026-05-03 07:00:00,weekend,78.12,0.0,78.12,150.0,False
89618925a2bffff,2026-05-03 08:00:00,weekend,77.0,0.0,77.0,150.0,False
89618925a2bffff,2026-05-03 09:00:00,weekend,78.12,0.0,78.12,150.0,False
89618925a2bffff,2026-05-03 10:00:00,weekend,81.42,30.55,111.97,150.0,False
89618925a2bffff,2026-05-03 11:00:00,weekend,86.67,57.43,144.09,150.0,False
89618925a2bffff,2026-05-03 12:00:00,weekend,93.5,33.53,127.03,150.0,False
89618925a2bffff,2026-05-03 13:00:00,weekend,101.46,47.3,148.75,150.0,False
89618925a2bffff,2026-05-03 14:00:00,weekend,110.0,38.22,148.22,150.0,False
89618925a2bffff,2026-05-03 15:00:00,weekend,118.54,46.63,165.17,150.0,True
89618925a2bffff,2026-05-03 16:00:00,weekend,126.5,49.54,176.04,150.0,True
89618925a2bffff,2026-05-03 17:00:00,weekend,133.33,54.89,188.23,150.0,True
89618925a2bffff,2026-05-03 18:00:00,weekend,138.58,36.19,174.77,150.0,True
89618925a2bffff,2026-05-03 19:00:00,weekend,141.88,30.33,172.21,150.0,True
89618925a2bffff,2026-05-03 20:00:00,weekend,143.0,34.11,177.11,150.0,True
89618925a2bffff,2026-05-03 21:00:00,weekend,141.88,57.0,198.88,150.0,True
89618925a2bffff,2026-05-03 22:00:00,weekend,138.58,56.22,194.8,150.0,True
89618925a2bffff,2026-05-03 23:00:00,weekend,133.33,0.0,133.33,150.0,False
89618925a2bffff,2026-05-04 00:00:00,weekday,135.36,0.0,135.36,150.0,False
89618925a2bffff,2026-05-04 01:00:00,weekday,125.0,0.0,125.0,150.0,False
89618925a2bffff,2026-05-04 02:00:00,weekday,112.94,0.0,112.94,150.0,False
89618925a2bffff,2026-05-04 03:00:00,weekday,100.0,0.0,100.0,150.0,False
89618925a2bffff,2026-05-04 04:00:00,weekday,87.06,0.0,87.06,150.0,False
89618925a2bffff,2026-05-04 05:00:00,weekday,75.0,0.0,75.0,150.0,False
89618925a2bffff,2026-05-04 06:00:00,weekday,64.64,0.0,64.64,150.0,False
89618925a2bffff,2026-05-04 07:00:00,weekday,56.7,0.0,56.7,150.0,False
89618925a2bffff,2026-05-04 08:00:00,weekday,51.7,0.0,51.7,150.0,False
89618925a2bffff,2026-05-04 09:00:00,weekday,50.0,0.0,50.0,150.0,False
89618925a2bffff,2026-05-04 10:00:00,weekday,51.7,0.0,51.7,150.0,False
89618925a2bffff,2026-05-04 11:00:00,weekday,56.7,0.0,56.7,150.0,False
89618925a2bffff,2026-05-04 12:00:00,weekday,64.64,0.0,64.64,150.0,False
89618925a2bffff,2026-05-04 13:00:00,weekday,75.0,0.0,75.0,150.0,False
89618925a2bffff,2026-05-04 14:00:00,weekday,87.06,0.0,87.06,150.0,False
89618925a2bffff,2026-05-04 15:00:00,weekday,100.0,0.0,100.0,150.0,False
89618925a2bffff,2026-05-04 16:00:00,weekday,112.94,0.0,112.94,150.0,False
89618925a2bffff,2026-05-04 17:00:00,weekday,125.0,0.0,125.0,150.0,False
89618925a2bffff,2026-05-04 18:00:00,weekday,135.36,63.9,199.25,150.0,True
89618925a2bffff,2026-05-04 19:00:00,weekday,143.3,64.02,207.32,150.0,True
89618925a2bffff,2026-05-04 20:00:00,weekday,148.3,66.6,214.9,150.0,True
89618925a2bffff,2026-05-04 21:00:00,weekday,150.0,47.01,197.01,150.0,True
89618925a2bffff,2026-05-04 22:00:00,weekday,148.3,76.58,224.87,150.0,True
89618925a2bffff,2026-05-04 23:00:00,weekday,143.3,0.0,143.3,150.0,False
89618925a2bffff,2026-05-05 00:00:00,weekday,135.36,0.0,135.36,150.0,False
89618925a2bffff,2026-05-05 01:00:00,weekday,125.0,0.0,125.0,150.0,False
89618925a2bffff,2026-05-05 02:00:00,weekday,112.94,0.0,112.94,150.0,False
89618925a2bffff,2026-05-05 03:00:00,weekday,100.0,0.0,100.0,150.0,False
89618925a2bffff,2026-05-05 04:00:00,weekday,87.06,0.0,87.06,150.0,False
89618925a2bffff,2026-05-05 05:00:00,weekday,75.0,0.0,75.0,150.0,False
89618925a2bffff,2026-05-05 06:00:00,weekday,64.64,0.0,64.64,150.0,False
89618925a2bffff,2026-05-05 07:00:00,weekday,56.7,0.0,56.7,150.0,False
89618925a2bffff,2026-05-05 08:00:00,weekday,51.7,0.0,51.7,150.0,False
89618925a2bffff,2026-05-05 09:00:00,weekday,50.0,0.0,50.0,150.0,False
89618925a2bffff,2026-05-05 10:00:00,weekday,51.7,0.0,51.7,150.0,False
89618925a2bffff,2026-05-05 11:00:00,weekday,56.7,0.0,56.7,150.0,False
89618925a2bffff,2026-05-05 12:00:00,weekday,64.64,0.0,64.64,150.0,False
89618925a2bffff,2026-05-05 13:00:00,weekday,75.0,0.0,75.0,150.0,False
89618925a2bffff,2026-05-05 14:00:00,weekday,87.06,0.0,87.06,150.0,False
89618925a2bffff,2026-05-05 15:00:00,weekday,100.0,0.0,100.0,150.0,False
89618925a2bffff,2026-05-05 16:00:00,weekday,112.94,0.0,112.94,150.0,False
89618925a2bffff,2026-05-05 17:00:00,weekday,125.0,0.0,125.0,150.0,False
89618925a2bffff,2026-05-05 18:00:00,weekday,135.36,56.75,192.11,150.0,True
89618925a2bffff,2026-05-05 19:00:00,weekday,143.3,55.33,198.63,150.0,True
89618925a2bffff,2026-05-05 20:00:00,weekday,148.3,60.76,209.05,150.0,True
89618925a2bffff,2026-05-05 21:00:00,weekday,150.0,41.88,191.88,150.0,True
89618925a2bffff,2026-05-05 22:00:00,weekday,148.3,46.65,194.95,150.0,True
89618925a2bffff,2026-05-05 23:00:00,weekday,143.3,0.0,143.3,150.0,False
89618925a2bffff,2026-05-06 00:00:00,weekday,135.36,0.0,135.36,150.0,False
89618925a2bffff,2026-05-06 01:00:00,weekday,125.0,0.0,125.0,150.0,False
89618925a2bffff,2026-05-06 02:00:00,weekday,112.94,0.0,112.94,150.0,False
89618925a2bffff,2026-05-06 03:00:00,weekday,100.0,0.0,100.0,150.0,False
89618925a2bffff,2026-05-06 04:00:00,weekday,87.06,0.0,87.06,150.0,False
89618925a2bffff,2026-05-06 05:00:00,weekday,75.0,0.0,75.0,150.0,False
89618925a2bffff,2026-05-06 06:00:00,weekday,64.64,0.0,64.64,150.0,False
89618925a2bffff,2026-05-06 07:00:00,weekday,56.7,0.0,56.7,150.0,False
89618925a2bffff,2026-05-06 08:00:00,weekday,51.7,0.0,51.7,150.0,False
89618925a2bffff,2026-05-06 09:00:00,weekday,50.0,0.0,50.0,150.0,False
89618925a2bffff,2026-05-06 10:00:00,weekday,51.7,0.0,51.7,150.0,False
89618925a2bffff,2026-05-06 11:00:00,weekday,56.7,0.0,56.7,150.0,False
89618925a2bffff,2026-05-06 12:00:00,weekday,64.64,0.0,64.64,150.0,False
89618925a2bffff,2026-05-06 13:00:00,weekday,75.0,0.0,75.0,150.0,False
89618925a2bffff,2026-05-06 14:00:00,weekday,87.06,0.0,87.06,150.0,False
89618925a2bffff,2026-05-06 15:00:00,weekday,100.0,0.0,100.0,150.0,False
89618925a2bffff,2026-05-06 16:00:00,weekday,112.94,0.0,112.94,150.0,False
89618925a2bffff,2026-05-06 17:00:00,weekday,125.0,0.0,125.0,150.0,False
89618925a2bffff,2026-05-06 18:00:00,weekday,135.36,69.52,204.88,150.0,True
89618925a2bffff,2026-05-06 19:00:00,weekday,143.3,43.31,186.61,150.0,True
89618925a2bffff,2026-05-06 20:00:00,weekday,148.3,64.13,212.42,150.0,True
89618925a2bffff,2026-05-06 21:00:00,weekday,150.0,49.81,199.81,150.0,True
89618925a2bffff,2026-05-06 22:00:00,weekday,148.3,55.57,203.87,150.0,True
89618925a2bffff,2026-05-06 23:00:00,weekday,143.3,0.0,143.3,150.0,False
89618925a2bffff,2026-05-07 00:00:00,weekday,135.36,0.0,135.36,150.0,False
89618925a2bffff,2026-05-07 01:00:00,weekday,125.0,0.0,125.0,150.0,False
89618925a2bffff,2026-05-07 02:00:00,weekday,112.94,0.0,112.94,150.0,False
89618925a2bffff,2026-05-07 03:00:00,weekday,100.0,0.0,100.0,150.0,False
89618925a2bffff,2026-05-07 04:00:00,weekday,87.06,0.0,87.06,150.0,False
89618925a2bffff,2026-05-07 05:00:00,weekday,75.0,0.0,75.0,150.0,False
89618925a2bffff,2026-05-07 06:00:00,weekday,64.64,0.0,64.64,150.0,False
89618925a2bffff,2026-05-07 07:00:00,weekday,56.7,0.0,56.7,150.0,False
89618925a2bffff,2026-05-07 08:00:00,weekday,51.7,0.0,51.7,150.0,False
89618925a2bffff,2026-05-07 09:00:00,weekday,50.0,0.0,50.0,150.0,False
89618925a2bffff,2026-05-07 10:00:00,weekday,51.7,0.0,51.7,150.0,False
89618925a2bffff,2026-05-07 11:00:00,weekday,56.7,0.0,56.7,150.0,False
89618925a2bffff,2026-05-07 12:00:00,weekday,64.64,0.0,64.64,150.0,False
89618925a2bffff,2026-05-07 13:00:00,weekday,75.0,0.0,75.0,150.0,False
89618925a2bffff,2026-05-07 14:00:00,weekday,87.06,0.0,87.06,150.0,False
89618925a2bffff,2026-05-07 15:00:00,weekday,100.0,0.0,100.0,150.0,False
89618925a2bffff,2026-05-07 16:00:00,weekday,112.94,0.0,112.94,150.0,False
89618925a2bffff,2026-05-07 17:00:00,weekday,125.0,0.0,125.0,150.0,False
89618925a2bffff,2026-05-07 18:00:00,weekday,135.36,51.55,186.9,150.0,True
89618925a2bffff,2026-05-07 19:00:00,weekday,143.3,54.23,197.53,150.0,True
89618925a2bffff,2026-05-07 20:00:00,weekday,148.3,68.76,217.06,150.0,True
89618925a2bffff,2026-05-07 21:00:00,weekday,150.0,51.88,201.88,150.0,True
89618925a2bffff,2026-05-07 22:00:00,weekday,148.3,62.66,210.95,150.0,True
89618925a2bffff,2026-05-07 23:00:00,weekday,143.3,0.0,143.3,150.0,False
